Init Import Duration,Init Perception Planning Duration,Init Functions Duration,Init Post Duration,Total Init Duration,Target Object,Pick Count,Grasp Choice (Seg ID),Grasp Choice Duration,Grasp Score,Total Computation Duration,Total Grasp Planning Duration,Total Motion Planning Duration,Object Name,Grasp Success,Grasped,Total Execution Duration,Retract Success,Dropped,Grasp Result,Error,Retrieved Target Object,Grasp Retracted Objects,Accidental Dropped Objects,Grasp Result finished Count,Grasp Result timeout Count,Grasp Result no_valid_grasps_found Count,Grasp Result grasp_choice_failed Count,Grasp Result no_valid_motion_plan_found Count,Grasp Success True Count,Grasp Success False Count,Grasp Retracted Objects Count,Accidental Dropped Objects Count,Scene,Experiment Path,Method,Total Experiment Time,Dropped Target Object
0.0710141658782959,1.007617473602295,0.0001459121704101,0.0757076740264892,1.1552040576934814,obj_000056_1,5.0,"5,8,8,8,0","70.53183031082153,60.75825905799866,147.8850576877594,65.4502968788147,71.19128656387329","1.0,1.0,1.0","121.20863437652588,111.51440525054932,111.5851981639862","30.28480362892151,26.70651364326477,23.984282970428467","11.19600534439087,10.387190341949465,9.311923742294312","obj_000052_0,obj_000122_0,obj_000056_1","True,True,True","['obj_000052_0'],['obj_000122_0'],['obj_000056_1']","34.960613489151,39.78436517715454,45.665372133255005","True,True,True","obj_000029_0,obj_000052_0,obj_000122_0","finished,no_valid_motion_plan_found,no_valid_motion_plan_found,finished,finished","MotionGenStatus.INVALID_START_STATE_WORLD_COLLISION,MotionGenStatus.TRAJOPT_FAIL,MotionGenStatus.INVALID_START_STATE_WORLD_COLLISION",True,"obj_000052_0,obj_000056_1,obj_000122_0",obj_000029_0,3,0,0,0,2,3,0,3,1,structured_590,trial_2026-02-27_04-46-13__short_test__vlm_dg/structured_590__obj_000056_1__vlm_dg,vlm_dg,846.9801638126373,
0.0357429981231689,0.9683492183685304,0.0001845359802246,0.0737011432647705,1.078385353088379,obj_000079_1,7.0,"5.0,1.0,2.0,1.0,-1.0,-1.0,4.0,0.0","68.6054162979126,60.46762275695801,39.364586353302,33.95577573776245,24.844778537750244,23.886548280715942,37.81644916534424,20.757139205932617","1.0,1.0,0.3333333333333333,1.0,1.0,0.3333333333333333","92.62477898597716,82.65050625801086,59.74510669708252,54.02679681777954,103.66819620132446,38.410457372665405","12.991901874542236,10.591388940811155,9.522643089294434,9.243939399719238,7.254245758056641,5.518892765045166","5.433091878890991,6.622221946716309,5.866160869598389,5.711951494216919,5.107642889022827,7.621904611587524","obj_000059_0,obj_000003_0,obj_000054_0,obj_000012_0,obj_000050_1,obj_000079_1","True,True,True,True,True,True","['obj_000059_0'],['obj_000050_0', 'obj_000054_0', 'obj_000050_1', 'obj_000079_1', 'obj_000069_0', 'obj_000047_0', 'obj_000003_0', 'obj_000012_0'],['obj_000050_0', 'obj_000054_0', 'obj_000050_1', 'obj_000079_1', 'obj_000069_0', 'obj_000047_0', 'obj_000012_0'],['obj_000012_0'],['obj_000050_1'],['obj_000079_1']","23.757967472076416,15.285917520523071,25.12970972061157,26.13927817344665,14.274583101272585,38.42581868171692","True,True,True,True,True,True","obj_000059_0,obj_000050_1,obj_000054_0,obj_000013_0,obj_000003_0,obj_000012_0","finished,finished,finished,finished,no_valid_grasps_found,finished,finished",MotionGenStatus.INVALID_START_STATE_WORLD_COLLISION,True,"obj_000059_0,obj_000050_1,obj_000047_0,obj_000054_0,obj_000069_0,obj_000079_1,obj_000003_0,obj_000012_0,obj_000050_0",obj_000013_0,6,0,1,0,0,6,0,9,1,unstructured_36,trial_2026-02-27_04-46-13__short_test__vlm_dg/unstructured_36__obj_000079_1__vlm_dg,vlm_dg,642.4624359607697,
0.0960323810577392,1.0189032554626465,0.0001423358917236,0.0281267166137695,1.1441752910614014,obj_000070_0,8.0,"4.0,8.0,10.0,0.0,0.0,6.0,0.0","34.261200189590454,74.69667673110962,43.4939067363739,27.45492935180664,39.56119728088379,49.30049538612366,46.64032959938049","1.0,0.3333333333333333,1.0,1.0,1.0","67.74281477928162,158.3628442287445,73.5507493019104,75.56266808509827,74.51066780090332","18.08604907989502,16.689528703689575,16.37920379638672,14.654781818389893,10.951099157333374","8.608325242996216,60.75628900527954,7.485617637634277,5.959264755249023,11.611850261688232","obj_000071_1,obj_000077_1,obj_000078_2,obj_000074_0,obj_000070_0","False,True,True,True,True","[],['obj_000077_1'],['obj_000078_2'],['obj_000074_0'],['obj_000070_0']","27.863666534423828,29.16055631637573,29.19296383857727,25.0677342414856,25.51548433303833","False,True,True,True,True","obj_000074_0,obj_000077_1,obj_000078_2","finished,finished,finished,no_valid_motion_plan_found,no_valid_motion_plan_found,finished,no_valid_grasps_found,finished","MotionGenStatus.INVALID_START_STATE_WORLD_COLLISION,MotionGenStatus.INVALID_START_STATE_WORLD_COLLISION,MotionGenStatus.INVALID_START_STATE_WORLD_COLLISION,MotionGenStatus.INVALID_START_STATE_WORLD_COLLISION,MotionGenStatus.INVALID_START_STATE_WORLD_COLLISION,MotionGenStatus.INVALID_START_STATE_WORLD_COLLISION,MotionGenStatus.INVALID_START_STATE_WORLD_COLLISION,MotionGenStatus.INVALID_START_STATE_WORLD_COLLISION,MotionGenStatus.INVALID_START_STATE_WORLD_COLLISION,MotionGenStatus.INVALID_START_STATE_WORLD_COLLISION,MotionGenStatus.INVALID_START_STATE_WORLD_COLLISION",True,"obj_000074_0,obj_000077_1,obj_000078_2,obj_000070_0",,5,0,1,0,2,4,1,4,0,unstructured_105,trial_2026-02-27_04-46-13__short_test__vlm_dg/unstructured_105__obj_000070_0__vlm_dg,vlm_dg,793.7223491668701,
0.1092309951782226,1.0529906749725342,0.00016450881958,0.0605969429016113,1.2236590385437012,obj_000045_0,4.0,"5.0,3.0,0.0,0.0","26.714672088623047,42.20175886154175,26.04824566841125,26.772748231887817","1.0,1.0,1.0","52.21968865394592,74.59710025787354,47.96771812438965","9.599206924438477,12.508022546768188,11.120266675949097","10.30821657180786,15.36836552619934,5.269564628601074","obj_000078_0,obj_000043_0,obj_000045_0","True,True,True","['obj_000078_0'],['obj_000043_0'],['obj_000045_0']","44.69291687011719,54.299838066101074,32.339868783950806","True,True,True","obj_000043_0,obj_000078_0,obj_000035_0,obj_000058_0","finished,finished,no_valid_motion_plan_found,finished","MotionGenStatus.INVALID_START_STATE_WORLD_COLLISION,MotionGenStatus.INVALID_START_STATE_WORLD_COLLISION,MotionGenStatus.INVALID_START_STATE_WORLD_COLLISION,MotionGenStatus.INVALID_START_STATE_WORLD_COLLISION,MotionGenStatus.INVALID_START_STATE_WORLD_COLLISION",True,"obj_000045_0,obj_000078_0,obj_000043_0","obj_000035_0,obj_000058_0",3,0,0,0,1,3,0,3,2,structured_233,trial_2026-02-27_04-46-13__short_test__vlm_dg/structured_233__obj_000045_0__vlm_dg,vlm_dg,404.8933832645416,
24.326169967651367,61.25894165039063,0.0001039505004882,0.0472302436828613,85.63345885276794,obj_000041_0,8.0,"9,9,10,1,8,8,8,0","37.85194873809815,90.85311460494997,30.754167079925537,60.18295693397522,57.66356134414673,33.56999754905701,36.67734360694885,32.714789628982544","1.0,1.0,1.0,1.0,1.0,1.0","68.40322780609131,137.3209104537964,82.31451368331909,51.55422472953797,55.14300322532654,48.96671748161316","17.778560400009155,13.81609344482422,11.789870977401732,9.32502269744873,9.49610185623169,7.842469215393066","6.49936842918396,27.03741145133972,5.675358295440674,3.725587129592896,4.440782308578491,4.211747646331787","obj_000074_0,obj_000078_0,obj_000002_0,obj_000027_0,obj_000044_0,obj_000041_0","True,True,True,True,True,True","['obj_000074_0'],['obj_000078_0'],['obj_000002_0'],['obj_000027_0'],['obj_000044_0'],['obj_000041_0']","31.26209568977356,36.75859880447388,25.344007968902588,36.21235609054565,24.274877786636356,33.57580208778381","True,True,True,True,True,True","obj_000078_0,obj_000074_0,obj_000027_0,obj_000044_0,obj_000002_0","finished,finished,no_valid_motion_plan_found,finished,no_valid_motion_plan_found,finished,finished,finished","MotionGenStatus.INVALID_START_STATE_WORLD_COLLISION,MotionGenStatus.INVALID_START_STATE_WORLD_COLLISION,MotionGenStatus.INVALID_START_STATE_WORLD_COLLISION,MotionGenStatus.INVALID_START_STATE_WORLD_COLLISION,MotionGenStatus.INVALID_START_STATE_WORLD_COLLISION,MotionGenStatus.INVALID_START_STATE_WORLD_COLLISION",True,"obj_000078_0,obj_000074_0,obj_000027_0,obj_000044_0,obj_000041_0,obj_000002_0",,6,0,0,0,2,6,0,6,0,structured_198,trial_2026-02-27_04-46-13__short_test__vlm_dg/structured_198__obj_000041_0__vlm_dg,vlm_dg,928.7856876850128,
0.0805435180664062,0.9888975620269777,0.0001051425933837,0.0362310409545898,1.1065008640289309,obj_000048_0,9.0,"5,1,4,6,3,0,0,0,0","45.81111168861389,44.625282287597656,36.357855796813965,55.63621878623962,13.923826456069946,18.52564287185669,15.623214483261108,22.417113542556763,25.017104387283325","1.0,1.0,1.0,1.0,1.0,0.6666666666666666","80.56302118301392,82.56922721862793,62.13583707809448,80.38600397109985,52.13810706138611,47.44309377670288","18.19750690460205,17.698527812957764,14.231252193450928,13.281920433044434,9.466042757034302,8.54142951965332","9.34724736213684,14.344709873199465,6.030566930770874,6.131548643112183,23.92913317680359,9.452797174453735","obj_000061_1,obj_000010_0,obj_000059_0,obj_000036_0,obj_000061_0,obj_000048_0","True,True,True,True,True,True","['obj_000061_1'],['obj_000010_0'],['obj_000059_0'],['obj_000036_0', 'obj_000025_0', 'obj_000025_2'],['obj_000061_0'],['obj_000048_0']","34.09487795829773,33.13110566139221,27.24411106109619,19.78402709960937,35.71014451980591,34.69866347312927","True,True,True,True,True,True","obj_000025_2,obj_000059_0,obj_000061_1,obj_000061_0,obj_000036_0,obj_000010_0","finished,finished,finished,finished,finished,no_valid_motion_plan_found,no_valid_motion_plan_found,no_valid_motion_plan_found,finished","MotionGenStatus.INVALID_START_STATE_WORLD_COLLISION,MotionGenStatus.INVALID_START_STATE_WORLD_COLLISION,MotionGenStatus.INVALID_START_STATE_WORLD_COLLISION,MotionGenStatus.INVALID_START_STATE_WORLD_COLLISION,MotionGenStatus.INVALID_START_STATE_WORLD_COLLISION,MotionGenStatus.INVALID_START_STATE_WORLD_COLLISION,MotionGenStatus.INVALID_START_STATE_WORLD_COLLISION,MotionGenStatus.INVALID_START_STATE_WORLD_COLLISION,MotionGenStatus.INVALID_START_STATE_WORLD_COLLISION",True,"obj_000025_2,obj_000059_0,obj_000061_1,obj_000061_0,obj_000048_0,obj_000025_0,obj_000036_0,obj_000010_0",,6,0,0,0,3,6,0,8,0,unstructured_128,trial_2026-02-27_04-46-13__short_test__vlm_dg/unstructured_128__obj_000048_0__vlm_dg,vlm_dg,772.1694095134735,
0.0397214889526367,0.9976489543914796,0.000148057937622,0.026390790939331,1.0647845268249512,obj_000056_1,4.0,"4.0,7.0,4.0,0.0","7.987344741821289,7.373737335205078,7.18146276473999,4.913424015045166","1.0,1.0,1.0","58.96924877166748,52.8037531375885,36.48561716079712","30.68575644493103,27.629745721817017,17.75189208984375","10.846983671188354,9.368059635162354,7.712659597396851","obj_000059_0,obj_000052_0,obj_000056_1","True,True,True","['obj_000059_0'],['obj_000052_0', 'obj_000122_0', 'obj_000128_1', 'obj_000005_0'],['obj_000056_1']","35.270808696746826,34.78904676437378,23.294761419296265","True,True,True","obj_000052_0,obj_000122_0,obj_000059_0,obj_000029_0,obj_000128_0","finished,no_valid_motion_plan_found,finished,finished",MotionGenStatus.INVALID_START_STATE_WORLD_COLLISION,True,"obj_000052_0,obj_000122_0,obj_000059_0,obj_000056_1,obj_000005_0,obj_000128_1","obj_000029_0,obj_000128_0",3,0,0,0,1,3,0,6,2,structured_590,trial_2026-02-27_04-46-02__short_test__dg_only/structured_590__obj_000056_1__dg_only,dg_only,348.5388979911804,
0.0557198524475097,0.9558277130126952,0.0001380443572998,0.0674328804016113,1.079739332199097,obj_000045_0,4.0,"5.0,5.0,3.0,0.0","2.4701087474823,3.349177360534668,3.579352378845215,2.8752331733703613","1.0,1.0,1.0,1.0","40.69695329666138,34.83237862586975,26.174803733825684,23.557880878448486","9.268728256225586,12.26956820487976,12.776581764221191,11.111243724822998","23.920748472213745,14.566476106643677,4.952937602996826,4.820658445358276","obj_000078_0,obj_000078_0,obj_000043_0,obj_000045_0","False,True,True,True","[],['obj_000078_0'],['obj_000043_0'],['obj_000045_0']","53.46806025505066,43.90372753143311,58.732921838760376,38.07988452911377","False,True,True,True","obj_000043_0,obj_000078_0,obj_000035_0,obj_000058_0","finished,finished,finished,finished","MotionGenStatus.INVALID_START_STATE_WORLD_COLLISION,MotionGenStatus.INVALID_START_STATE_WORLD_COLLISION,MotionGenStatus.INVALID_START_STATE_WORLD_COLLISION,MotionGenStatus.INVALID_START_STATE_WORLD_COLLISION,MotionGenStatus.INVALID_START_STATE_WORLD_COLLISION",True,"obj_000045_0,obj_000078_0,obj_000043_0","obj_000035_0,obj_000058_0",4,0,0,0,0,3,1,3,2,structured_233,trial_2026-02-27_04-46-02__short_test__dg_only/structured_233__obj_000045_0__dg_only,dg_only,380.99228501319885,
0.0955634117126464,0.989293336868286,0.0001294612884521,0.0364382266998291,1.1221494674682615,obj_000079_1,15.0,"5,5,6,1,5,5,1,1,-1,-1,-1,-1,-1,-1,6,2,2,1,1","4.958094358444214,4.479576587677002,4.244617938995361,3.9518792629241934,3.5787394046783447,3.607079982757568,3.1791348457336426,3.236525774002075,2.821728467941284,2.805750131607056,2.6893532276153564,2.5381710529327397,2.526526689529419,2.62813663482666,2.783632040023804,2.717623710632324,2.710312366485596,2.662874221801758,2.20902681350708","1.0,1.0,0.6666666666666666,1.0,0.3333333333333333,1.0,1.0,0.3333333333333333,1.0","39.9488799571991,27.84278178215027,35.57144904136658,23.172609090805054,24.45695209503174,21.506243467330933,17.73368740081787,24.96628475189209,18.04250741004944","13.10604691505432,11.402662992477415,9.405354022979736,8.743900299072266,7.469106674194336,7.302281856536865,5.164523601531982,3.1136345863342285,2.5785412788391118","16.051142692565918,6.926347255706787,17.353840351104736,6.27109694480896,8.886830806732178,6.361189126968384,5.172826290130615,14.683453798294067,8.793852090835571","obj_000059_0,obj_000050_0,obj_000003_0,obj_000050_1,obj_000012_0,obj_000012_0,obj_000047_0,obj_000054_0,obj_000059_1","True,True,True,True,False,True,True,True,True","['obj_000059_0'],['obj_000050_0'],['obj_000003_0'],['obj_000050_1'],[],['obj_000069_0', 'obj_000012_0'],['obj_000047_0'],['obj_000054_0'],['obj_000059_1']","23.17389249801636,25.78137278556824,20.913864612579346,18.770920753479004,20.529963493347168,20.823809385299683,15.477329969406128,22.88734722137451,20.896809101104736","True,True,True,True,False,True,True,True,True","obj_000059_0,obj_000050_1,obj_000047_0,obj_000054_0,obj_000013_0,obj_000003_0,obj_000012_0,obj_000050_0","finished,no_valid_motion_plan_found,finished,finished,no_valid_motion_plan_found,finished,finished,finished,grasp_choice_failed,grasp_choice_failed,no_valid_motion_plan_found,no_valid_motion_plan_found,finished,finished,finished","MotionGenStatus.INVALID_START_STATE_WORLD_COLLISION,MotionGenStatus.INVALID_START_STATE_WORLD_COLLISION,MotionGenStatus.INVALID_START_STATE_WORLD_COLLISION,MotionGenStatus.INVALID_START_STATE_WORLD_COLLISION,MotionGenStatus.INVALID_START_STATE_WORLD_COLLISION,MotionGenStatus.INVALID_START_STATE_WORLD_COLLISION,MotionGenStatus.INVALID_START_STATE_WORLD_COLLISION,MotionGenStatus.INVALID_START_STATE_WORLD_COLLISION,MotionGenStatus.INVALID_START_STATE_WORLD_COLLISION,MotionGenStatus.INVALID_START_STATE_WORLD_COLLISION,MotionGenStatus.INVALID_START_STATE_WORLD_COLLISION,MotionGenStatus.INVALID_START_STATE_WORLD_COLLISION,MotionGenStatus.INVALID_START_STATE_WORLD_COLLISION,MotionGenStatus.INVALID_START_STATE_WORLD_COLLISION,MotionGenStatus.INVALID_START_STATE_WORLD_COLLISION,MotionGenStatus.INVALID_START_STATE_WORLD_COLLISION",False,"obj_000059_1,obj_000059_0,obj_000050_1,obj_000047_0,obj_000054_0,obj_000069_0,obj_000003_0,obj_000012_0,obj_000050_0",obj_000013_0,9,0,0,2,4,8,1,9,1,unstructured_36,trial_2026-02-27_04-46-02__short_test__dg_only/unstructured_36__obj_000079_1__dg_only,dg_only,637.4409999847412,
0.0368793010711669,0.8870675563812256,0.0001063346862792,0.0371429920196533,0.9616670608520508,obj_000048_0,7.0,"5.0,8.0,1.0,4.0,3.0,0.0","5.429643869400024,5.213934421539307,4.604184150695801,4.173007965087891,3.621687173843384,3.43519139289856","1.0,1.0,1.0,1.0,1.0,1.0","39.363532066345215,36.35180497169495,38.687448501586914,39.69082760810852,30.902108430862427,22.007847547531128","18.39879393577576,16.827767372131348,14.467917442321776,11.527090787887571,9.837226152420044,8.556205034255981","8.554684400558472,7.805704116821289,12.975032091140749,18.53181624412537,12.271153450012209,5.345588445663452","obj_000061_1,obj_000036_0,obj_000010_0,obj_000059_0,obj_000061_0,obj_000048_0","True,True,True,True,True,True","['obj_000061_1'],['obj_000036_0'],['obj_000010_0'],['obj_000059_0'],['obj_000061_0'],['obj_000048_0']","24.6688129901886,24.83478116989136,21.813732385635376,30.565167903900143,29.253544569015503,19.69964337348938","True,True,True,True,True,True","obj_000059_0,obj_000061_1,obj_000061_0,obj_000036_0,obj_000010_0","finished,finished,finished,finished,no_valid_grasps_found,finished,finished","MotionGenStatus.INVALID_START_STATE_WORLD_COLLISION,MotionGenStatus.INVALID_START_STATE_WORLD_COLLISION,MotionGenStatus.INVALID_START_STATE_WORLD_COLLISION,MotionGenStatus.INVALID_START_STATE_WORLD_COLLISION,MotionGenStatus.INVALID_START_STATE_WORLD_COLLISION",True,"obj_000059_0,obj_000061_1,obj_000061_0,obj_000048_0,obj_000036_0,obj_000010_0",,6,0,1,0,0,6,0,6,0,unstructured_128,trial_2026-02-27_04-46-02__short_test__dg_only/unstructured_128__obj_000048_0__dg_only,dg_only,437.27934074401855,
23.405154943466187,59.71346044540405,8.034706115722656e-05,0.0372543334960937,83.15667772293091,obj_000041_0,4.0,"9.0,9.0,10.0,0.0","4.565279960632324,4.461085319519043,4.103941440582275,4.403109550476074","1.0,1.0,1.0,1.0","325.91191506385803,84.36131954193115,41.08295130729675,24.454132080078125","17.77995729446411,12.470067739486694,11.806793928146362,11.331451654434204","297.2087833881378,61.96328330039978,20.19185519218445,4.015060186386108","obj_000074_0,obj_000078_0,obj_000027_0,obj_000041_0","True,True,True,True","['obj_000074_0'],['obj_000078_0'],['obj_000027_0'],['obj_000041_0']","36.2103385925293,38.857293128967285,23.85643029212952,53.43042826652527","True,True,True,True","obj_000074_0,obj_000027_0,obj_000078_0","finished,finished,finished,finished","MotionGenStatus.TRAJOPT_FAIL,MotionGenStatus.INVALID_START_STATE_WORLD_COLLISION,MotionGenStatus.TRAJOPT_FAIL,MotionGenStatus.TRAJOPT_FAIL,MotionGenStatus.TRAJOPT_FAIL,MotionGenStatus.TRAJOPT_FAIL,MotionGenStatus.INVALID_START_STATE_WORLD_COLLISION,MotionGenStatus.TRAJOPT_FAIL,MotionGenStatus.TRAJOPT_FAIL,MotionGenStatus.TRAJOPT_FAIL,MotionGenStatus.TRAJOPT_FAIL,MotionGenStatus.TRAJOPT_FAIL,MotionGenStatus.INVALID_START_STATE_WORLD_COLLISION,MotionGenStatus.INVALID_START_STATE_WORLD_COLLISION,MotionGenStatus.TRAJOPT_FAIL,MotionGenStatus.INVALID_START_STATE_WORLD_COLLISION,MotionGenStatus.INVALID_START_STATE_WORLD_COLLISION,MotionGenStatus.TRAJOPT_FAIL,MotionGenStatus.TRAJOPT_FAIL,MotionGenStatus.TRAJOPT_FAIL,MotionGenStatus.INVALID_START_STATE_WORLD_COLLISION,MotionGenStatus.INVALID_START_STATE_WORLD_COLLISION,MotionGenStatus.INVALID_START_STATE_WORLD_COLLISION,MotionGenStatus.INVALID_START_STATE_WORLD_COLLISION,MotionGenStatus.INVALID_START_STATE_WORLD_COLLISION,MotionGenStatus.INVALID_START_STATE_WORLD_COLLISION,MotionGenStatus.INVALID_START_STATE_WORLD_COLLISION,MotionGenStatus.INVALID_START_STATE_WORLD_COLLISION,MotionGenStatus.INVALID_START_STATE_WORLD_COLLISION,MotionGenStatus.INVALID_START_STATE_WORLD_COLLISION,MotionGenStatus.INVALID_START_STATE_WORLD_COLLISION,MotionGenStatus.INVALID_START_STATE_WORLD_COLLISION",True,"obj_000074_0,obj_000027_0,obj_000078_0,obj_000041_0",,4,0,0,0,0,4,0,4,0,structured_198,trial_2026-02-27_04-46-02__short_test__dg_only/structured_198__obj_000041_0__dg_only,dg_only,773.2750380039215,
0.0385210514068603,1.0094842910766602,0.0001134872436523,0.047311782836914,1.0958185195922852,obj_000070_0,15.0,"8.0,7.0,7.0,4.0,8.0,0.0,0.0,0.0,0.0,0.0,0.0,0.0,0.0","5.731695890426636,5.093447685241699,5.192317485809326,4.235936164855957,3.7635419368743896,3.3323278427124023,3.403377056121826,3.295388698577881,3.612196922302246,3.148054838180542,3.238239526748657,3.2390782833099365,3.3517045974731445","0.6666666666666666,1.0,1.0,1.0","55.12446856498718,36.56546902656555,35.69636344909668,59.03671789169312","18.29976487159729,17.40364170074463,15.699750661849976,13.263959884643556","24.328017950057983,7.123022079467773,9.31933569908142,36.12665438652039","obj_000077_1,obj_000077_0,obj_000071_1,obj_000078_2","True,True,True,True","['obj_000077_1'],['obj_000071_1', 'obj_000077_0', 'obj_000078_2'],['obj_000071_1'],['obj_000078_2']","29.63410472869873,32.6204297542572,32.32265591621399,26.338321924209595","True,True,True,True","obj_000077_1,obj_000071_1,obj_000077_0","finished,no_valid_motion_plan_found,finished,no_valid_grasps_found,finished,no_valid_grasps_found,finished,no_valid_motion_plan_found,no_valid_motion_plan_found,no_valid_motion_plan_found,no_valid_motion_plan_found,no_valid_motion_plan_found,no_valid_motion_plan_found,no_valid_motion_plan_found,no_valid_motion_plan_found","MotionGenStatus.INVALID_START_STATE_WORLD_COLLISION,MotionGenStatus.INVALID_START_STATE_WORLD_COLLISION,MotionGenStatus.INVALID_START_STATE_WORLD_COLLISION,MotionGenStatus.INVALID_START_STATE_WORLD_COLLISION,MotionGenStatus.INVALID_START_STATE_WORLD_COLLISION,MotionGenStatus.INVALID_START_STATE_WORLD_COLLISION,MotionGenStatus.INVALID_START_STATE_WORLD_COLLISION,MotionGenStatus.INVALID_START_STATE_WORLD_COLLISION,MotionGenStatus.INVALID_START_STATE_WORLD_COLLISION,MotionGenStatus.INVALID_START_STATE_WORLD_COLLISION,MotionGenStatus.INVALID_START_STATE_WORLD_COLLISION,MotionGenStatus.INVALID_START_STATE_WORLD_COLLISION,MotionGenStatus.INVALID_START_STATE_WORLD_COLLISION,MotionGenStatus.INVALID_START_STATE_WORLD_COLLISION,MotionGenStatus.INVALID_START_STATE_WORLD_COLLISION,MotionGenStatus.INVALID_START_STATE_WORLD_COLLISION,MotionGenStatus.INVALID_START_STATE_WORLD_COLLISION,MotionGenStatus.INVALID_START_STATE_WORLD_COLLISION,MotionGenStatus.INVALID_START_STATE_WORLD_COLLISION,MotionGenStatus.INVALID_START_STATE_WORLD_COLLISION,MotionGenStatus.INVALID_START_STATE_WORLD_COLLISION,MotionGenStatus.INVALID_START_STATE_WORLD_COLLISION,MotionGenStatus.INVALID_START_STATE_WORLD_COLLISION,MotionGenStatus.INVALID_START_STATE_WORLD_COLLISION,MotionGenStatus.INVALID_START_STATE_WORLD_COLLISION,MotionGenStatus.INVALID_START_STATE_WORLD_COLLISION,MotionGenStatus.INVALID_START_STATE_WORLD_COLLISION,MotionGenStatus.INVALID_START_STATE_WORLD_COLLISION,MotionGenStatus.INVALID_START_STATE_WORLD_COLLISION,MotionGenStatus.INVALID_START_STATE_WORLD_COLLISION,MotionGenStatus.INVALID_START_STATE_WORLD_COLLISION,MotionGenStatus.INVALID_START_STATE_WORLD_COLLISION,MotionGenStatus.INVALID_START_STATE_WORLD_COLLISION,MotionGenStatus.INVALID_START_STATE_WORLD_COLLISION,MotionGenStatus.INVALID_START_STATE_WORLD_COLLISION,MotionGenStatus.INVALID_START_STATE_WORLD_COLLISION,MotionGenStatus.INVALID_START_STATE_WORLD_COLLISION,MotionGenStatus.INVALID_START_STATE_WORLD_COLLISION,MotionGenStatus.INVALID_START_STATE_WORLD_COLLISION,MotionGenStatus.INVALID_START_STATE_WORLD_COLLISION,MotionGenStatus.INVALID_START_STATE_WORLD_COLLISION,MotionGenStatus.INVALID_START_STATE_WORLD_COLLISION,MotionGenStatus.INVALID_START_STATE_WORLD_COLLISION,MotionGenStatus.INVALID_START_STATE_WORLD_COLLISION,MotionGenStatus.INVALID_START_STATE_WORLD_COLLISION,MotionGenStatus.INVALID_START_STATE_WORLD_COLLISION,MotionGenStatus.INVALID_START_STATE_WORLD_COLLISION,MotionGenStatus.INVALID_START_STATE_WORLD_COLLISION,MotionGenStatus.INVALID_START_STATE_WORLD_COLLISION,MotionGenStatus.INVALID_START_STATE_WORLD_COLLISION,MotionGenStatus.INVALID_START_STATE_WORLD_COLLISION,MotionGenStatus.INVALID_START_STATE_WORLD_COLLISION,MotionGenStatus.INVALID_START_STATE_WORLD_COLLISION,MotionGenStatus.INVALID_START_STATE_WORLD_COLLISION,MotionGenStatus.INVALID_START_STATE_WORLD_COLLISION,MotionGenStatus.INVALID_START_STATE_WORLD_COLLISION,MotionGenStatus.INVALID_START_STATE_WORLD_COLLISION,MotionGenStatus.INVALID_START_STATE_WORLD_COLLISION,MotionGenStatus.INVALID_START_STATE_WORLD_COLLISION,MotionGenStatus.INVALID_START_STATE_WORLD_COLLISION,MotionGenStatus.INVALID_START_STATE_WORLD_COLLISION,MotionGenStatus.INVALID_START_STATE_WORLD_COLLISION,MotionGenStatus.INVALID_START_STATE_WORLD_COLLISION,MotionGenStatus.INVALID_START_STATE_WORLD_COLLISION,MotionGenStatus.INVALID_START_STATE_WORLD_COLLISION,MotionGenStatus.INVALID_START_STATE_WORLD_COLLISION",False,"obj_000077_1,obj_000077_0,obj_000078_2,obj_000071_1",,4,0,2,0,9,4,0,4,0,unstructured_105,trial_2026-02-27_04-46-02__short_test__dg_only/unstructured_105__obj_000070_0__dg_only,dg_only,904.927906513214,
0.0599634647369384,0.9667584896087646,0.0001354217529296,0.0379433631896972,1.0652728080749512,obj_000048_0,11.0,"5.0,1.0,4.0,6.0,8.0,3.0,1.0,5.0,5.0,5.0,0.0","18.727907180786133,28.881500720977783,30.16096305847168,65.49338388442993,23.577407360076904,39.25603866577149,5.243750810623169,16.65283203125,26.85905241966248,27.963571786880493,5.843787670135498","1.0,1.0,1.0,1.0,1.0,1.0,1.0,0.6666666666666666,1.0,1.0","55.100518226623535,65.6009430885315,68.8772029876709,88.66156554222107,55.90874338150024,64.9866042137146,37.85670018196106,45.47559905052185,44.0099081993103,23.37657904624939","17.750242710113525,15.26696491241455,15.053576707839966,11.860035181045532,10.454806566238403,8.784230947494507,7.89400315284729,7.750348806381226,7.263154983520508,6.108249187469482","11.03063154220581,15.061307191848757,17.915529251098633,5.921930313110352,17.081990480422974,12.104637861251833,9.046059846878052,6.701396703720093,4.629584789276123,7.29415488243103","obj_000061_1,obj_000010_0,obj_000059_0,obj_000036_0,obj_000025_2,obj_000061_0,obj_000025_0,obj_000025_1,obj_000025_1,obj_000048_0","True,True,True,True,True,True,True,False,True,True","['obj_000061_1'],['obj_000010_0'],['obj_000059_0'],['obj_000036_0'],['obj_000025_2'],['obj_000061_0'],['obj_000025_0'],[],['obj_000025_1'],['obj_000048_0']","31.78859233856201,21.645343542099,26.53536319732666,20.91329312324524,24.87901997566223,27.35210371017456,32.5136661529541,36.57090711593628,27.281883001327515,38.73313593864441","True,True,True,True,True,True,True,False,True,True","obj_000025_2,obj_000059_0,obj_000061_1,obj_000061_0,obj_000025_1,obj_000025_0,obj_000036_0,obj_000010_0","finished,finished,finished,finished,finished,finished,no_valid_motion_plan_found,finished,finished,finished,finished","MotionGenStatus.INVALID_START_STATE_WORLD_COLLISION,MotionGenStatus.INVALID_START_STATE_WORLD_COLLISION,MotionGenStatus.INVALID_START_STATE_WORLD_COLLISION,MotionGenStatus.INVALID_START_STATE_WORLD_COLLISION,MotionGenStatus.INVALID_START_STATE_WORLD_COLLISION,MotionGenStatus.INVALID_START_STATE_WORLD_COLLISION,MotionGenStatus.INVALID_START_STATE_WORLD_COLLISION,MotionGenStatus.INVALID_START_STATE_WORLD_COLLISION,MotionGenStatus.INVALID_START_STATE_WORLD_COLLISION,MotionGenStatus.INVALID_START_STATE_WORLD_COLLISION,MotionGenStatus.INVALID_START_STATE_WORLD_COLLISION,MotionGenStatus.INVALID_START_STATE_WORLD_COLLISION,MotionGenStatus.INVALID_START_STATE_WORLD_COLLISION",True,"obj_000025_2,obj_000059_0,obj_000061_1,obj_000061_0,obj_000048_0,obj_000025_1,obj_000025_0,obj_000036_0,obj_000010_0",,10,0,0,0,1,9,1,9,0,unstructured_128,trial_2026-02-27_04-46-09__short_test__dg_into_vlm/unstructured_128__obj_000048_0__dg_into_vlm,dg_into_vlm,975.1905455589294,
0.0487298965454101,0.9902772903442384,0.0001471042633056,0.0366840362548828,1.0764508247375488,obj_000056_1,15.0,"2,4,8,9,9,8,8,9,9,9,9,9,9,8,3","54.19212365150452,38.76956224441528,64.07431411743164,91.241352558136,49.11850595474243,45.462810754776,25.67033314704895,62.1228084564209,119.45675253868104,64.23610949516296,68.1953718662262,74.75028586387634,62.90427303314209,18.40596890449524,45.06583619117737","1.0,1.0,1.0,1.0","106.06804084777832,85.39547824859619,89.35429072380066,88.72689390182495","30.464342832565308,26.470797538757324,23.12982153892517,20.02814793586731","11.828765392303469,11.182520151138306,40.03758645057678,16.431654453277588","obj_000005_0,obj_000052_0,obj_000122_0,obj_000059_0","True,True,True,True","['obj_000005_0'],['obj_000021_0', 'obj_000128_1', 'obj_000122_0', 'obj_000052_0', 'obj_000135_0'],['obj_000122_0', 'obj_000056_1'],['obj_000059_0']","31.39451241493225,23.630393981933597,27.927443742752075,20.410115242004395","True,True,True,True","obj_000029_0,obj_000052_0,obj_000005_0,obj_000122_0","finished,finished,no_valid_motion_plan_found,no_valid_motion_plan_found,no_valid_motion_plan_found,no_valid_motion_plan_found,no_valid_motion_plan_found,no_valid_motion_plan_found,no_valid_motion_plan_found,no_valid_motion_plan_found,no_valid_motion_plan_found,no_valid_motion_plan_found,no_valid_motion_plan_found,finished,finished","MotionGenStatus.INVALID_START_STATE_WORLD_COLLISION,MotionGenStatus.INVALID_START_STATE_WORLD_COLLISION,MotionGenStatus.INVALID_START_STATE_WORLD_COLLISION,MotionGenStatus.INVALID_START_STATE_WORLD_COLLISION,MotionGenStatus.INVALID_START_STATE_WORLD_COLLISION,MotionGenStatus.INVALID_START_STATE_WORLD_COLLISION,MotionGenStatus.INVALID_START_STATE_WORLD_COLLISION,MotionGenStatus.INVALID_START_STATE_WORLD_COLLISION,MotionGenStatus.INVALID_START_STATE_WORLD_COLLISION,MotionGenStatus.INVALID_START_STATE_WORLD_COLLISION,MotionGenStatus.INVALID_START_STATE_WORLD_COLLISION,MotionGenStatus.INVALID_START_STATE_WORLD_COLLISION,MotionGenStatus.TRAJOPT_FAIL,MotionGenStatus.INVALID_START_STATE_WORLD_COLLISION",False,"obj_000052_0,obj_000122_0,obj_000135_0,obj_000059_0,obj_000056_1,obj_000005_0,obj_000128_1,obj_000021_0",obj_000029_0,4,0,0,0,11,4,0,8,1,structured_590,trial_2026-02-27_04-46-09__short_test__dg_into_vlm/structured_590__obj_000056_1__dg_into_vlm,dg_into_vlm,1736.7748022079468,
0.0456252098083496,0.9975430965423584,0.0002102851867675,0.029022216796875,1.0728881359100342,obj_000079_1,15.0,"6.0,6.0,7.0,3.0,4.0,5.0,6.0,1.0,0.0,5.0,3.0,6.0,7.0,7.0,6.0,6.0","33.795313119888306,23.767185926437374,27.12445378303528,23.0558762550354,35.24156832695007,30.591233491897583,15.10645318031311,34.12222146987915,60.89449143409729,26.79343152046204,61.857898235321045,5.734434604644775,6.98271632194519,15.50009799003601,11.736952304840088,7.218780994415283","0.3333333333333333,0.6666666666666666,1.0,0.3333333333333333,1.0","47.08248019218445,71.02186465263367,56.72399616241455,52.55293297767639,80.29523181915283","12.432851314544678,12.163401126861572,10.760026454925535,8.32120418548584,6.805091619491577","5.794401407241821,26.92837166786194,5.974203586578369,5.249570369720459,6.80189847946167","obj_000059_1,obj_000050_0,obj_000047_0,obj_000003_0,obj_000059_0","False,True,True,True,True","[],['obj_000050_0'],['obj_000047_0'],['obj_000054_0', 'obj_000003_0', 'obj_000069_0', 'obj_000012_0', 'obj_000079_1', 'obj_000050_1'],['obj_000059_0']","26.03803062438965,27.029464721679688,20.30984139442444,44.84882092475891,59.77898693084717","False,True,True,True,True","obj_000013_0,obj_000047_0,obj_000003_0,obj_000050_0","no_valid_motion_plan_found,finished,finished,no_valid_motion_plan_found,finished,no_valid_motion_plan_found,no_valid_motion_plan_found,finished,no_valid_motion_plan_found,finished,no_valid_motion_plan_found,no_valid_motion_plan_found,no_valid_motion_plan_found,no_valid_motion_plan_found,no_valid_motion_plan_found","MotionGenStatus.INVALID_START_STATE_WORLD_COLLISION,MotionGenStatus.INVALID_START_STATE_WORLD_COLLISION,MotionGenStatus.INVALID_START_STATE_WORLD_COLLISION,MotionGenStatus.INVALID_START_STATE_WORLD_COLLISION,MotionGenStatus.INVALID_START_STATE_WORLD_COLLISION,MotionGenStatus.INVALID_START_STATE_WORLD_COLLISION,MotionGenStatus.INVALID_START_STATE_WORLD_COLLISION,MotionGenStatus.INVALID_START_STATE_WORLD_COLLISION,MotionGenStatus.INVALID_START_STATE_WORLD_COLLISION,MotionGenStatus.INVALID_START_STATE_WORLD_COLLISION,MotionGenStatus.INVALID_START_STATE_WORLD_COLLISION,MotionGenStatus.INVALID_START_STATE_WORLD_COLLISION,MotionGenStatus.INVALID_START_STATE_WORLD_COLLISION,MotionGenStatus.INVALID_START_STATE_WORLD_COLLISION,MotionGenStatus.INVALID_START_STATE_WORLD_COLLISION,MotionGenStatus.INVALID_START_STATE_WORLD_COLLISION,MotionGenStatus.INVALID_START_STATE_WORLD_COLLISION,MotionGenStatus.INVALID_START_STATE_WORLD_COLLISION",False,"obj_000059_0,obj_000050_1,obj_000047_0,obj_000054_0,obj_000069_0,obj_000003_0,obj_000079_1,obj_000012_0,obj_000050_0",obj_000013_0,5,0,0,0,10,4,1,9,1,unstructured_36,trial_2026-02-27_04-46-09__short_test__dg_into_vlm/unstructured_36__obj_000079_1__dg_into_vlm,dg_into_vlm,994.9231128692628,
0.0370790958404541,0.964052677154541,0.0001223087310791,0.0382671356201171,1.0400183200836182,obj_000045_0,3.0,"5,0,0","18.590688943862915,8.086694240570068,6.245784759521484","1.0,0.6666666666666666","50.47208046913147,27.855079412460327","9.70651078224182,12.630115747451782","17.02540349960327,4.538346767425537","obj_000078_0,obj_000045_0","True,True","['obj_000078_0'],['obj_000045_0']","34.25325345993042,49.613966941833496","True,True","obj_000078_0,obj_000035_0,obj_000058_0","finished,no_valid_motion_plan_found,finished","MotionGenStatus.INVALID_START_STATE_WORLD_COLLISION,MotionGenStatus.INVALID_START_STATE_WORLD_COLLISION,MotionGenStatus.INVALID_START_STATE_WORLD_COLLISION",True,"obj_000078_0,obj_000045_0","obj_000035_0,obj_000058_0",2,0,0,0,1,2,0,2,2,structured_233,trial_2026-02-27_04-46-09__short_test__dg_into_vlm/structured_233__obj_000045_0__dg_into_vlm,dg_into_vlm,231.1324622631073,
23.62880849838257,61.29476571083069,6.008148193359375e-05,0.0259046554565429,84.95023369789124,obj_000041_0,2.0,"10,0","37.74272775650024,5.391948461532593","1.0,1.0","85.3303873538971,32.236396074295044","17.215060472488403,15.57309913635254","24.24139618873596,6.258116245269775","obj_000078_0,obj_000041_0","True,True","['obj_000078_0'],['obj_000041_0']","45.77646446228027,35.79474592208862","True,True",obj_000078_0,"finished,finished","MotionGenStatus.INVALID_START_STATE_WORLD_COLLISION,MotionGenStatus.INVALID_START_STATE_WORLD_COLLISION",True,"obj_000078_0,obj_000041_0",,2,0,0,0,0,2,0,2,0,structured_198,trial_2026-02-27_04-46-09__short_test__dg_into_vlm/structured_198__obj_000041_0__dg_into_vlm,dg_into_vlm,324.389769077301,
0.0476372241973876,1.0098769664764404,9.465217590332033e-05,0.0363807678222656,1.0944209098815918,obj_000070_0,7.0,"8.0,9.0,6.0,5.0,0.0","120.83198618888856,32.93505597114563,36.841259241104126,40.28752326965332,10.693809032440186","0.6666666666666666,1.0,1.0,1.0,1.0","154.06620264053345,69.76717185974121,65.47886776924133,66.37925863265991,31.92713022232056","18.13739252090454,16.988663911819458,15.841285467147827,14.664852619171144,10.699029207229614","8.537971258163452,13.637414455413818,6.94322943687439,5.8951170444488525,5.09997820854187","obj_000077_1,obj_000078_2,obj_000077_0,obj_000074_0,obj_000070_0","True,True,True,True,True","['obj_000071_1', 'obj_000078_2', 'obj_000077_1'],['obj_000078_2'],['obj_000077_0'],['obj_000074_0'],['obj_000070_0']","29.688809871673584,27.019007444381717,28.592626094818115,21.32398772239685,22.52087116241455","True,True,True,True,True","obj_000074_0,obj_000078_2,obj_000071_1,obj_000077_1,obj_000077_0","finished,finished,finished,no_valid_grasps_found,finished,no_valid_grasps_found,finished",MotionGenStatus.INVALID_START_STATE_WORLD_COLLISION,True,"obj_000074_0,obj_000070_0,obj_000078_2,obj_000071_1,obj_000077_1,obj_000077_0",,5,0,2,0,0,5,0,6,0,unstructured_105,trial_2026-02-27_04-46-09__short_test__dg_into_vlm/unstructured_105__obj_000070_0__dg_into_vlm,dg_into_vlm,612.5346987247467,
24.06827473640442,63.08021402359009,7.343292236328125e-05,0.0465860366821289,87.19578623771667,obj_000041_0,15.0,"11,4,8,0,3,3,3,3,0,5,5,0,5,5,0,5,5,5,0,5,5,5,0,5,5,5,5,3,5,5,5,0,5,5,5,5,5,0,5,0,5,3","8.590221881866455,9.09519910812378,7.310914993286133,9.488563776016235,8.861582517623901,7.4820029735565186,11.102118730545044,7.674910068511963,7.877446174621582,6.033896446228027,5.803593397140503,5.439439296722412,7.251948833465576,6.5055201053619385,5.898608207702637,16.103713512420654,6.449061632156372,18.383583307266235,6.740700006484985,7.572205543518066,6.282393455505371,6.803033113479614,5.294951677322388,8.505496740341187,5.907217979431152,9.2999107837677,7.358891010284424,9.385012865066528,9.467586517333984,8.547672510147095,8.567079067230225,8.230999946594238,8.750433206558228,7.057348966598511,8.719653367996216,9.041112661361694,6.201339960098267,6.643208742141724,7.662340879440308,5.914827823638916,6.302097797393799,6.083370923995972","1.0,1.0,0.3333333333333333","38.589598178863525,47.09344983100891,45.29718470573425","17.482983112335205,17.34299111366272,16.03142285346985","6.375351667404175,7.660985946655273,5.433059453964233","obj_000027_0,obj_000044_0,obj_000007_0","True,True,False","['obj_000027_0'],['obj_000044_0'],[]","33.6346709728241,40.07023715972901,43.818615198135376","True,True,False","obj_000044_0,obj_000027_0","finished,finished,grasp_choice_failed,grasp_choice_failed,grasp_choice_failed,grasp_choice_failed,grasp_choice_failed,grasp_choice_failed,grasp_choice_failed,grasp_choice_failed,grasp_choice_failed,grasp_choice_failed,grasp_choice_failed,grasp_choice_failed,finished",,False,"obj_000044_0,obj_000027_0",,3,0,0,12,0,2,1,2,0,structured_198,trial_2026-02-27_04-46-05__short_test__vlm_only/structured_198__obj_000041_0__vlm_only,vlm_only,970.3022449016572,
0.0493648052215576,0.9830260276794434,8.296966552734375e-05,0.0377523899078369,1.0706260204315186,obj_000070_0,15.0,"4,10,9,9,9,9,9,9,8,8,8,9,9,9,9,9,9,9,9,9,9,9,9,9,9,9,9,9,9,9,9,9,9,9,9,9,9,9","11.032130479812622,9.681925773620604,29.229934453964237,20.029815673828125,16.17069101333618,23.028889417648315,37.39291000366211,18.11110115051269,40.58109402656555,29.11047744750977,20.22746014595032,44.6865348815918,16.743502616882324,15.519401550292969,36.73753523826599,19.15530753135681,19.185920238494877,19.580148458480835,27.540975093841556,38.41344237327576,21.83820867538452,25.830559253692627,17.548571825027466,22.23237013816833,20.0307674407959,19.608112573623657,18.63031768798828,28.200963020324707,20.00593423843384,42.08919405937195,21.329519510269165,16.08933424949646,15.581789016723633,36.93988132476807,26.18739891052246,20.24043226242065,16.880695343017578,22.211849212646484","1.0,1.0","43.7153639793396,39.0558967590332","17.885281324386597,16.018255710601807","8.330592155456543,6.838819265365601","obj_000071_1,obj_000078_2","True,True","['obj_000071_1'],['obj_000078_2']","27.732277393341064,23.627538681030277","True,True",obj_000071_1,"finished,no_valid_grasps_found,finished,grasp_choice_failed,grasp_choice_failed,grasp_choice_failed,grasp_choice_failed,grasp_choice_failed,grasp_choice_failed,grasp_choice_failed,grasp_choice_failed,grasp_choice_failed,grasp_choice_failed,grasp_choice_failed,grasp_choice_failed",,False,"obj_000078_2,obj_000071_1",,2,0,1,12,0,2,0,2,0,unstructured_105,trial_2026-02-27_04-46-05__short_test__vlm_only/unstructured_105__obj_000070_0__vlm_only,vlm_only,1311.4770357608795,
0.0483970642089843,0.954798936843872,0.0002086162567138,0.0399887561798095,1.044001579284668,obj_000045_0,2.0,"5.0,4.0","23.54194593429565,7.886736154556274","1.0,1.0","51.9986879825592,30.30369114875793","9.831749439239502,12.62047791481018","13.52137303352356,5.050004243850708","obj_000078_0,obj_000050_0","True,True","['obj_000078_0'],['obj_000045_0', 'obj_000050_0']","34.58118438720703,39.92710518836975","True,True","obj_000045_0,obj_000078_0,obj_000035_0,obj_000058_0","finished,finished","MotionGenStatus.INVALID_START_STATE_WORLD_COLLISION,MotionGenStatus.INVALID_START_STATE_WORLD_COLLISION",,"obj_000078_0,obj_000050_0,obj_000045_0","obj_000035_0,obj_000058_0",2,0,0,0,0,2,0,3,2,structured_233,trial_2026-02-27_04-46-05__short_test__vlm_only/structured_233__obj_000045_0__vlm_only,vlm_only,196.15458250045776,True
0.0579516887664794,0.9932901859283448,8.535385131835938e-05,0.0387885570526123,1.090864658355713,obj_000048_0,14.0,"5,5,7,7,9,7,7,7,7,3,7,7,-1,-1,7,-1,1,3,0","23.052222728729248,18.79391384124756,28.27383327484131,30.885974168777462,18.35127902030945,26.444175720214844,17.973079204559326,46.0229561328888,29.19886922836304,24.262277126312256,23.70289945602417,19.090731143951416,32.06287622451782,29.887170791625977,31.948195457458496,17.0948326587677,23.277395009994507,7.2020957469940186,8.279603004455566","1.0,1.0,1.0,1.0,1.0,1.0,1.0,1.0,0.6666666666666666","56.9483757019043,47.82314467430115,55.529921531677246,60.24903059005737,42.980552196502686,43.75815963745117,64.11428785324097,27.52250361442566,23.31445527076721","18.07345986366272,15.73782205581665,14.967440605163574,15.407585382461548,12.897368669509888,11.73534655570984,10.958556652069092,10.132718086242676,7.236412525177002","8.448951959609985,6.9074413776397705,6.62928581237793,7.853882312774658,6.275469779968262,7.650759696960449,7.422725677490234,5.645514965057373,3.7035202980041504","obj_000061_1,obj_000059_0,obj_000036_0,obj_000036_0,obj_000025_2,obj_000025_0,obj_000010_0,obj_000061_0,obj_000048_0","True,True,False,True,True,True,True,True,True","['obj_000061_1'],['obj_000059_0'],[],['obj_000036_0'],['obj_000025_2'],['obj_000025_0'],['obj_000010_0'],['obj_000061_0'],['obj_000048_0']","31.0224723815918,22.26027774810791,19.19823718070984,20.601898431777958,25.055740356445312,24.269880533218384,35.1773886680603,36.14503288269043,32.31357216835022","True,True,False,True,True,True,True,True,True","obj_000025_2,obj_000059_0,obj_000061_1,obj_000061_0,obj_000025_0,obj_000036_0,obj_000010_0","finished,finished,no_valid_grasps_found,finished,finished,no_valid_grasps_found,finished,grasp_choice_failed,grasp_choice_failed,finished,grasp_choice_failed,finished,finished,finished",,True,"obj_000025_2,obj_000059_0,obj_000061_1,obj_000061_0,obj_000048_0,obj_000025_0,obj_000036_0,obj_000010_0",,9,0,2,3,0,8,1,8,0,unstructured_128,trial_2026-02-27_04-46-05__short_test__vlm_only/unstructured_128__obj_000048_0__vlm_only,vlm_only,1122.189299106598,
0.053412914276123,0.9466168880462646,0.0001788139343261,0.0403864383697509,1.0411500930786133,obj_000079_1,15.0,"4,2,2,9,9,2,0,5,9,1,1,8,4,1,1,2,1,2,2,2,1,2,1,2,2,2,2,8,1,2,4,0,8,1,2,8,1,8,2,8","20.20235013961792,20.28117609024048,12.554454565048218,20.61146354675293,15.313653230667114,8.80906367301941,11.550825834274292,9.64945912361145,11.371907472610474,14.240368604660034,13.5236656665802,23.208977222442627,7.285628080368042,10.08607053756714,49.133150577545166,6.697876214981079,29.68995356559753,23.779333353042603,7.987301349639893,59.13928937911987,37.51775479316712,32.88027262687683,25.06308078765869,27.443252325057983,19.36550450325012,28.0129075050354,50.29147076606751,22.759090900421143,33.11900234222412,21.388790130615234,40.30400013923645,8.440973997116089,10.72427773475647,29.339576482772827,5.944220542907715,24.068360090255737,9.385656356811523,24.193106651306152,18.035425901412964,27.996795654296875","1.0,1.0,0.3333333333333333","45.34832978248596,46.33983206748962,87.23546624183655","12.755404233932495,9.859131336212158,9.330722570419312","6.692010164260864,5.822628498077393,7.210766792297363","obj_000047_0,obj_000003_0,obj_000054_0","True,True,False","['obj_000047_0'],['obj_000012_0', 'obj_000050_1', 'obj_000050_0', 'obj_000003_0', 'obj_000079_1', 'obj_000069_0'],[]","23.91590642929077,15.860562801361084,22.260899782180783","True,True,False","obj_000013_0,obj_000047_0,obj_000003_0","finished,grasp_choice_failed,grasp_choice_failed,no_valid_motion_plan_found,finished,no_valid_motion_plan_found,finished,grasp_choice_failed,grasp_choice_failed,grasp_choice_failed,grasp_choice_failed,no_valid_motion_plan_found,grasp_choice_failed,grasp_choice_failed,grasp_choice_failed","MotionGenStatus.INVALID_START_STATE_WORLD_COLLISION,MotionGenStatus.INVALID_START_STATE_WORLD_COLLISION,MotionGenStatus.INVALID_START_STATE_WORLD_COLLISION,MotionGenStatus.INVALID_START_STATE_WORLD_COLLISION,MotionGenStatus.INVALID_START_STATE_WORLD_COLLISION,MotionGenStatus.INVALID_START_STATE_WORLD_COLLISION,MotionGenStatus.INVALID_START_STATE_WORLD_COLLISION,MotionGenStatus.INVALID_START_STATE_WORLD_COLLISION,MotionGenStatus.INVALID_START_STATE_WORLD_COLLISION,MotionGenStatus.INVALID_START_STATE_WORLD_COLLISION,MotionGenStatus.INVALID_START_STATE_WORLD_COLLISION,MotionGenStatus.INVALID_START_STATE_WORLD_COLLISION,MotionGenStatus.INVALID_START_STATE_WORLD_COLLISION,MotionGenStatus.INVALID_START_STATE_WORLD_COLLISION",False,"obj_000050_1,obj_000047_0,obj_000069_0,obj_000003_0,obj_000079_1,obj_000012_0,obj_000050_0",obj_000013_0,3,0,0,9,3,2,1,7,1,unstructured_36,trial_2026-02-27_04-46-05__short_test__vlm_only/unstructured_36__obj_000079_1__vlm_only,vlm_only,1296.6107296943665,
0.0477972030639648,1.014272689819336,0.0001740455627441,0.0379738807678222,1.1007015705108645,obj_000056_1,15.0,"5,4,9,2,10,8,8,5,0,0,0,8,0,0,0,0,0,0,0,0,0,0,0,0,0,0,0","18.53890895843506,20.589675903320312,18.890870571136475,30.64353346824646,28.21668577194214,19.909820079803467,6.469406604766846,9.42409896850586,6.906286954879761,5.64903450012207,4.250075340270996,7.108589172363281,6.81873345375061,5.789000272750855,6.414879322052002,6.360588550567627,5.516676425933838,4.141009330749512,6.365559816360474,6.121988773345947,7.1128435134887695,6.592147350311279,5.517460346221924,3.893940925598145,6.2787182331085205,5.750478982925415,6.337427139282227","1.0,1.0,1.0,1.0,1.0,1.0,1.0","70.28559494018555,63.32768106460571,88.39464235305786,84.37937760353088,34.99777388572693,49.40998578071594,37.7538788318634","30.73639321327209,25.27749800682068,22.537697315216064,19.57100558280945,13.23297882080078,27.78587865829468,18.259053468704224","11.572235107421877,10.0661780834198,9.190555334091188,9.919793128967283,9.889605283737184,6.743423938751221,7.585531234741211","obj_000052_0,obj_000059_0,obj_000005_0,obj_000128_0,obj_000135_0,obj_000052_0,obj_000128_0","True,True,True,True,True,True,True","['obj_000122_0', 'obj_000052_0', 'obj_000128_1', 'obj_000005_0'],['obj_000059_0'],['obj_000005_0'],['obj_000128_0'],['obj_000021_0', 'obj_000135_0'],['obj_000122_0', 'obj_000052_0'],['obj_000128_0']","43.01127243041992,36.70180630683899,29.05430221557617,62.298084020614624,33.99948763847351,33.72087574005127,23.387904167175293","True,True,True,True,True,True,True","obj_000052_0,obj_000122_0,obj_000059_0,obj_000135_0,obj_000005_0,obj_000029_0","finished,no_valid_grasps_found,finished,finished,finished,finished,no_valid_grasps_found,finished,grasp_choice_failed,finished,grasp_choice_failed,grasp_choice_failed,grasp_choice_failed,grasp_choice_failed,grasp_choice_failed",MotionGenStatus.INVALID_START_STATE_WORLD_COLLISION,False,"obj_000052_0,obj_000059_0,obj_000122_0,obj_000135_0,obj_000005_0,obj_000128_1,obj_000021_0,obj_000128_0",obj_000029_0,7,0,2,6,0,7,0,8,1,structured_590,trial_2026-02-27_04-46-05__short_test__vlm_only/structured_590__obj_000056_1__vlm_only,vlm_only,1102.6934561729431,
0.0386734008789062,0.9109296798706056,0.0001463890075683,0.016620397567749,0.9668142795562744,obj_000079_1,15.0,"5.0,5.0,5.0,4.0,5.0,4.0,1.0,6.0,6.0,6.0,3.0,5.0,5.0,5.0","0.3355517387390136,0.3167040348052978,0.3286995887756347,0.3441338539123535,0.3120999336242676,0.305370569229126,0.3321833610534668,0.2742302417755127,0.3185083866119385,0.2742915153503418,0.288377046585083,0.2907688617706299,0.2640795707702636,0.2968306541442871","1.0,1.0,1.0,1.0,1.0,1.0,0.3333333333333333","24.979138612747192,25.867986917495728,30.362027645111084,25.02638030052185,36.05210161209106,16.18563222885132,24.8087100982666","12.606930494308472,11.03490161895752,10.46119475364685,9.92618989944458,7.884802103042602,6.456207275390625,5.300145626068115","6.20091986656189,9.557071208953856,14.392054080963137,9.991979122161863,23.46023106575012,4.969881534576416,14.789132833480837","obj_000059_0,obj_000059_1,obj_000059_1,obj_000047_0,obj_000050_0,obj_000003_0,obj_000050_1","True,False,True,True,True,True,True","['obj_000059_0'],[],['obj_000059_1'],['obj_000047_0'],['obj_000050_0'],['obj_000003_0'],['obj_000050_1']","21.612420082092285,27.025203943252563,24.26946258544922,19.977076530456543,31.722513675689697,26.68243098258972,25.115773916244507","True,False,True,True,True,True,True","obj_000059_1,obj_000059_0,obj_000047_0,obj_000013_0,obj_000003_0,obj_000050_0","finished,finished,finished,finished,no_valid_motion_plan_found,finished,finished,no_valid_grasps_found,no_valid_motion_plan_found,no_valid_motion_plan_found,no_valid_motion_plan_found,finished,no_valid_motion_plan_found,no_valid_motion_plan_found,no_valid_motion_plan_found","MotionGenStatus.INVALID_START_STATE_WORLD_COLLISION,MotionGenStatus.INVALID_START_STATE_WORLD_COLLISION,MotionGenStatus.INVALID_START_STATE_WORLD_COLLISION,MotionGenStatus.INVALID_START_STATE_WORLD_COLLISION,MotionGenStatus.INVALID_START_STATE_WORLD_COLLISION,MotionGenStatus.INVALID_START_STATE_WORLD_COLLISION,MotionGenStatus.INVALID_START_STATE_WORLD_COLLISION,MotionGenStatus.INVALID_START_STATE_WORLD_COLLISION,MotionGenStatus.INVALID_START_STATE_WORLD_COLLISION,MotionGenStatus.INVALID_START_STATE_WORLD_COLLISION,MotionGenStatus.INVALID_START_STATE_WORLD_COLLISION,MotionGenStatus.INVALID_START_STATE_WORLD_COLLISION,MotionGenStatus.INVALID_START_STATE_WORLD_COLLISION,MotionGenStatus.INVALID_START_STATE_WORLD_COLLISION,MotionGenStatus.INVALID_START_STATE_WORLD_COLLISION,MotionGenStatus.INVALID_START_STATE_WORLD_COLLISION,MotionGenStatus.INVALID_START_STATE_WORLD_COLLISION",False,"obj_000059_1,obj_000059_0,obj_000050_1,obj_000047_0,obj_000003_0,obj_000050_0",obj_000013_0,7,0,1,0,7,6,1,6,1,unstructured_36,trial_2026-02-27_04-46-16__short_test__random/unstructured_36__obj_000079_1__random,random,544.2391014099121,
0.0370824337005615,0.8810169696807861,9.202957153320312e-05,0.014963150024414,0.9335942268371582,obj_000070_0,2.0,"6.0,0.0","0.3768508434295654,0.3253943920135498","1.0,1.0","39.95922946929932,28.806963682174683","17.585551023483276,14.037811279296877","15.228372812271118,7.833220720291138","obj_000074_0,obj_000070_0","True,True","['obj_000074_0', 'obj_000071_1', 'obj_000078_2'],['obj_000070_0']","25.519078731536865,30.826854705810547","True,True",obj_000074_0,"finished,finished",MotionGenStatus.INVALID_START_STATE_WORLD_COLLISION,True,"obj_000074_0,obj_000070_0,obj_000078_2,obj_000071_1",,2,0,0,0,0,2,0,4,0,unstructured_105,trial_2026-02-27_04-46-16__short_test__random/unstructured_105__obj_000070_0__random,random,161.22769594192505,
25.41573476791382,63.34869861602783,8.869171142578125e-05,0.048386812210083,88.81344485282898,obj_000041_0,4.0,"10.0,10.0,0.0,0.0","0.3986611366271972,0.3444454669952392,0.3156440258026123,0.3792178630828857","1.0,1.0,1.0","82.54025053977966,26.96068024635315,23.36585807800293","18.47800588607788,15.71744418144226,12.177990674972534","57.299635887146,5.396439790725708,6.432103395462036","obj_000078_0,obj_000074_0,obj_000041_0","True,True,True","['obj_000078_0'],['obj_000074_0'],['obj_000015_0', 'obj_000027_0', 'obj_000041_0']","31.7476487159729,26.14728665351868,40.57202291488648","True,True,True","obj_000074_0,obj_000078_0","finished,finished,no_valid_motion_plan_found,finished","MotionGenStatus.INVALID_START_STATE_WORLD_COLLISION,MotionGenStatus.INVALID_START_STATE_WORLD_COLLISION,MotionGenStatus.INVALID_START_STATE_WORLD_COLLISION,MotionGenStatus.INVALID_START_STATE_WORLD_COLLISION,MotionGenStatus.INVALID_START_STATE_WORLD_COLLISION,MotionGenStatus.INVALID_START_STATE_WORLD_COLLISION,MotionGenStatus.INVALID_START_STATE_WORLD_COLLISION",True,"obj_000078_0,obj_000074_0,obj_000027_0,obj_000015_0,obj_000041_0",,3,0,0,0,1,3,0,5,0,structured_198,trial_2026-02-27_04-46-16__short_test__random/structured_198__obj_000041_0__random,random,389.33753728866577,
0.0698115825653076,0.9007613658905028,0.0001239776611328,0.0369348526000976,1.0086145401000977,obj_000048_0,4.0,"6.0,4.0,0.0","0.3743758201599121,0.3115975856781006,0.3352997303009033","1.0,1.0,1.0","63.20986866950989,32.23539185523987,28.157610654830933","17.714561939239502,16.29574203491211,15.29668402671814","37.64118409156799,9.117228269577026,6.470537662506104","obj_000059_0,obj_000061_0,obj_000048_0","True,True,True","['obj_000059_0'],['obj_000061_0'],['obj_000048_0']","35.62284708023071,29.81450319290161,16.334410667419434","True,True,True","obj_000061_0,obj_000059_0","finished,finished,no_valid_grasps_found,finished","MotionGenStatus.INVALID_START_STATE_WORLD_COLLISION,MotionGenStatus.INVALID_START_STATE_WORLD_COLLISION,MotionGenStatus.INVALID_START_STATE_WORLD_COLLISION,MotionGenStatus.INVALID_START_STATE_WORLD_COLLISION",True,"obj_000061_0,obj_000048_0,obj_000059_0",,3,0,1,0,0,3,0,3,0,unstructured_128,trial_2026-02-27_04-46-16__short_test__random/unstructured_128__obj_000048_0__random,random,267.9009473323822,
0.0472302436828613,0.8886992931365967,0.0001037120819091,0.0258200168609619,0.9627137184143066,obj_000056_1,8.0,"13.0,9.0,8.0,6.0,9.0,5.0,0.0","0.3680675029754638,0.4115583896636963,0.3609700202941894,0.3807103633880615,0.3590705394744873,0.453179121017456,0.3243918418884277","1.0,0.3333333333333333,1.0,1.0,1.0","53.50320386886597,48.84402871131897,47.01590442657471,43.34740328788757,31.512760877609253","30.42180967330933,27.46019697189331,26.19549798965454,22.54581046104431,16.384907484054565","13.224998235702516,12.21464991569519,10.884788751602173,11.736746549606323,7.859126329421997","obj_000085_0,obj_000116_0,obj_000049_0,obj_000052_0,obj_000056_1","True,True,True,True,True","['obj_000085_0'],['obj_000116_0'],['obj_000049_0'],['obj_000122_0', 'obj_000056_1', 'obj_000052_0'],['obj_000056_1']","32.65517902374268,41.38066601753235,45.32050323486328,49.5416042804718,40.16553258895874","True,True,True,True,True","obj_000052_0,obj_000116_0,obj_000085_0,obj_000029_0,obj_000049_0","finished,no_valid_motion_plan_found,finished,no_valid_grasps_found,finished,no_valid_motion_plan_found,finished,finished","MotionGenStatus.INVALID_START_STATE_WORLD_COLLISION,MotionGenStatus.INVALID_START_STATE_WORLD_COLLISION",True,"obj_000052_0,obj_000116_0,obj_000085_0,obj_000122_0,obj_000056_1,obj_000049_0",obj_000029_0,5,0,1,0,2,5,0,6,1,structured_590,trial_2026-02-27_04-46-16__short_test__random/structured_590__obj_000056_1__random,random,647.163055896759,
0.0381908416748046,0.9494762420654296,0.0001184940338134,0.0472998619079589,1.035616159439087,obj_000045_0,8.0,"4.0,4.0,4.0,5.0,6.0,0.0,0.0,0.0","0.2950630187988281,0.3769073486328125,0.2503960132598877,0.3614671230316162,0.3164558410644531,0.3215811252593994,0.3398029804229736,0.3828933238983154","1.0,0.6666666666666666","43.23769450187683,23.21972918510437","9.24674105644226,13.09903073310852","28.614872455596924,4.837157487869263","obj_000078_0,obj_000045_0","False,True","[],['obj_000045_0']","46.82119202613831,55.003753900527954","False,True","obj_000035_0,obj_000058_0","no_valid_motion_plan_found,no_valid_motion_plan_found,no_valid_motion_plan_found,finished,no_valid_motion_plan_found,no_valid_motion_plan_found,no_valid_motion_plan_found,finished","MotionGenStatus.INVALID_START_STATE_WORLD_COLLISION,MotionGenStatus.INVALID_START_STATE_WORLD_COLLISION,MotionGenStatus.INVALID_START_STATE_WORLD_COLLISION,MotionGenStatus.INVALID_START_STATE_WORLD_COLLISION,MotionGenStatus.INVALID_START_STATE_WORLD_COLLISION,MotionGenStatus.INVALID_START_STATE_WORLD_COLLISION,MotionGenStatus.INVALID_START_STATE_WORLD_COLLISION,MotionGenStatus.INVALID_START_STATE_WORLD_COLLISION,MotionGenStatus.INVALID_START_STATE_WORLD_COLLISION,MotionGenStatus.INVALID_START_STATE_WORLD_COLLISION,MotionGenStatus.INVALID_START_STATE_WORLD_COLLISION,MotionGenStatus.INVALID_START_STATE_WORLD_COLLISION,MotionGenStatus.INVALID_START_STATE_WORLD_COLLISION,MotionGenStatus.INVALID_START_STATE_WORLD_COLLISION",True,obj_000045_0,"obj_000035_0,obj_000058_0",2,0,0,0,6,1,1,1,2,structured_233,trial_2026-02-27_04-46-16__short_test__random/structured_233__obj_000045_0__random,random,361.0437927246094,
