Init Import Duration,Init Perception Planning Duration,Init Functions Duration,Init Post Duration,Total Init Duration,Target Object,Pick Count,Grasp Choice (Seg ID),Grasp Choice Duration,Grasp Score,Total Computation Duration,Total Grasp Planning Duration,Total Motion Planning Duration,Object Name,Grasp Success,Grasped,Total Execution Duration,Retract Success,Dropped,Grasp Result,Retrieved Target Object,Grasp Retracted Objects,Accidental Dropped Objects,Grasp Result finished Count,Grasp Result timeout Count,Grasp Result no_valid_grasps_found Count,Grasp Result grasp_choice_failed Count,Grasp Result no_valid_motion_plan_found Count,Grasp Success True Count,Grasp Success False Count,Grasp Retracted Objects Count,Accidental Dropped Objects Count,Scene,Experiment Path,Method,Total Experiment Time,Error
5.663674116134644,26.55966019630432,2.6226043701171875e-05,3.576278686523437e-06,32.22351908683777,yellow mustard bottle.,4.0,"2.0,1.0,3.0,0.0","0.9170467853546144,0.7652027606964111,0.6480424404144287,0.3990662097930908","0.6133018732070923,0.58592289686203,0.5351384282112122,0.4151737093925476","55.486337423324585,37.79410982131958,35.787490129470825,30.61031222343445","24.941341876983643,23.043010473251343,21.294193029403687,16.948882579803467","4.396048545837402,4.111063718795776,3.5473058223724365,2.6881537437438965","white bleach bottle,window cleaner,black box,yellow mustard bottle","True,True,True,True","['white bleach bottle'],['window cleaner'],['black box', 'jello box'],['yellow mustard bottle']","40.945151805877686,38.92606329917908,44.75257587432861,37.726728677749634","True,True,True,True",orange,"finished,finished,finished,finished",True,"white bleach bottle,black box,yellow mustard bottle,window cleaner,jello box",orange,4,0,0,0,0,4,0,5,1,2,trial_2025-12-06_14-29-26__scene2__dg_only/2__yellow_mustard_bottle___dg_only,dg_only,572.3295443058014,
5.693267345428467,26.79215836524964,3.075599670410156e-05,3.337860107421875e-06,32.4856493473053,yellow mustard bottle.,2.0,"5.0,0.0","1.3828938007354736,0.8413152694702148","0.5297104716300964,0.593052864074707","43.11306691169739,29.32338094711304","22.739805936813354,17.66447615623474","10.525055646896362,3.3663463592529297","black box,yellow mustard bottle","False,True","['black box', 'jello box'],['yellow mustard bottle']","62.255866050720215,36.94136142730713","True,True",,"finished,finished",True,"jello box,black box,yellow mustard bottle",,2,0,0,0,0,1,1,3,0,2,trial_2025-12-06_14-29-26__scene2__dg_only/2__exp_3__yellow_mustard_bottle___dg_only,dg_only,311.0992410182953,
5.767622947692871,27.109098196029663,3.075599670410156e-05,3.0994415283203125e-06,32.87692761421204,yellow mustard bottle.,4.0,"1.0,1.0,3.0,0.0","1.0160362720489502,0.7427704334259033,0.6323802471160889,0.5962796211242676","0.4109383523464203,0.540682315826416,0.6439645290374756,0.406932532787323","86.34953141212463,92.08017563819884,38.45016956329346,32.80669403076172","23.458643913269043,21.619886875152588,22.49101710319519,20.706435918807983","52.251574754714966,61.625147581100464,7.767367124557495,2.1732983589172363","white bleach bottle,window cleaner,black box,yellow mustard bottle","True,True,False,True","['white bleach bottle'],['window cleaner'],['black box', 'jello box'],['yellow mustard bottle']","36.220441818237305,38.40280723571777,52.34078407287598,46.25442433357239","True,True,True,True",,"finished,finished,finished,finished",True,"white bleach bottle,black box,yellow mustard bottle,window cleaner,jello box",,4,0,0,0,0,3,1,5,0,2,trial_2025-12-06_14-29-26__scene2__dg_only/2__exp_2__yellow_mustard_bottle___dg_only,dg_only,710.9410901069641,"MotionGenStatus.INVALID_START_STATE_WORLD_COLLISION,MotionGenStatus.INVALID_START_STATE_WORLD_COLLISION,MotionGenStatus.INVALID_START_STATE_WORLD_COLLISION,MotionGenStatus.INVALID_START_STATE_WORLD_COLLISION,MotionGenStatus.INVALID_START_STATE_WORLD_COLLISION,MotionGenStatus.INVALID_START_STATE_WORLD_COLLISION,MotionGenStatus.INVALID_START_STATE_WORLD_COLLISION,MotionGenStatus.INVALID_START_STATE_WORLD_COLLISION,MotionGenStatus.INVALID_START_STATE_WORLD_COLLISION,MotionGenStatus.INVALID_START_STATE_WORLD_COLLISION,MotionGenStatus.INVALID_START_STATE_WORLD_COLLISION,MotionGenStatus.INVALID_START_STATE_WORLD_COLLISION,MotionGenStatus.INVALID_START_STATE_WORLD_COLLISION,MotionGenStatus.INVALID_START_STATE_WORLD_COLLISION,MotionGenStatus.INVALID_START_STATE_WORLD_COLLISION,MotionGenStatus.INVALID_START_STATE_WORLD_COLLISION,MotionGenStatus.INVALID_START_STATE_WORLD_COLLISION,MotionGenStatus.INVALID_START_STATE_WORLD_COLLISION,MotionGenStatus.INVALID_START_STATE_WORLD_COLLISION,MotionGenStatus.INVALID_START_STATE_WORLD_COLLISION,MotionGenStatus.INVALID_START_STATE_WORLD_COLLISION,MotionGenStatus.INVALID_START_STATE_WORLD_COLLISION,MotionGenStatus.INVALID_START_STATE_WORLD_COLLISION,MotionGenStatus.INVALID_START_STATE_WORLD_COLLISION,MotionGenStatus.INVALID_START_STATE_WORLD_COLLISION,MotionGenStatus.INVALID_START_STATE_WORLD_COLLISION,MotionGenStatus.INVALID_START_STATE_WORLD_COLLISION,MotionGenStatus.INVALID_START_STATE_WORLD_COLLISION,MotionGenStatus.INVALID_START_STATE_WORLD_COLLISION,MotionGenStatus.INVALID_START_STATE_WORLD_COLLISION"
5.708059549331665,26.662471771240234,2.1457672119140625e-05,2.6226043701171875e-06,32.37071466445923,yellow mustard bottle.,3.0,"0,7,3,0","9.370551824569702,12.70965027809143,7.740459442138672,4.93281888961792","0.4352023899555206,0.720944344997406,0.5144087076187134","55.337931632995605,43.37291789054871,34.909048080444336","19.39756965637207,24.34434914588928,12.832687139511108","4.782938003540039,4.415155410766602,3.763171911239624","jello box,black box,yellow mustard bottle","True,True,True","['jello box'],['black box'],['yellow mustard bottle']","40.37635159492493,41.26052641868591,34.58519148826599","True,True,True",,"finished,finished,finished",True,"jello box,black box,yellow mustard bottle",,3,0,0,0,0,3,0,3,0,2,trial_2025-12-06_15-21-29__scene2__dg_into_vlm/2__yellow_mustard_bottle___dg_into_vlm,dg_into_vlm,513.2064435482025,
5.673539876937866,27.75563335418701,2.408027648925781e-05,2.86102294921875e-06,33.42937779426575,yellow mustard bottle.,3.0,"6,3,0","11.403711318969728,8.168999433517456,3.8301520347595215","0.3640735149383545,0.6929435133934021,0.6809490323066711","43.05924892425537,35.04822278022766,28.912217140197757","18.017280340194706,13.613995552062988,13.840595483779907","4.100925922393799,4.397413730621338,3.6316189765930176","jello box,black box,yellow mustard bottle","True,True,True","['jello box'],['black box'],['yellow mustard bottle']","38.2351131439209,38.53268718719482,44.77703261375427","True,True,True",,"finished,finished,finished",True,"jello box,black box,yellow mustard bottle",,3,0,0,0,0,3,0,3,0,2,trial_2025-12-06_15-21-29__scene2__dg_into_vlm/2__exp_2__yellow_mustard_bottle___dg_into_vlm,dg_into_vlm,640.5645537376404,
5.661576271057129,26.665920972824097,4.3392181396484375e-05,4.529953002929688e-06,32.32773971557617,yellow mustard bottle.,3.0,"6,4,0","8.149592638015747,8.333887100219727,5.579384326934815","0.5593476295471191,0.736015796661377,0.4695835709571838","37.80558943748474,35.93936252593994,30.28588342666626","14.348573207855225,14.330118894577026,12.819079399108888","5.786883354187012,3.997872114181519,3.4255640506744385","jello box,black box,yellow mustard bottle","True,True,True","['jello box'],['black box'],['yellow mustard bottle']","38.07864952087402,38.78434038162232,38.06268882751465","True,True,True",,"finished,finished,finished",True,"jello box,black box,yellow mustard bottle",,3,0,0,0,0,3,0,3,0,2,trial_2025-12-06_15-21-29__scene2__dg_into_vlm/2__exp_3__yellow_mustard_bottle___dg_into_vlm,dg_into_vlm,506.5200560092926,
5.729156732559204,26.716906309127808,3.719329833984375e-05,4.0531158447265625e-06,32.446295976638794,yellow mustard bottle.,3.0,"6,4,0","29.93281292915344,35.460479497909546,41.90446186065674","0.4727785885334015,0.6271355748176575,0.5718735456466675","56.42721891403198,70.39372706413269,64.0738685131073","13.457275390625,24.362122297286987,12.142621994018556","4.131651163101196,4.232065916061401,3.086129665374756","jello box,black box,yellow mustard bottle","True,True,True","['jello box'],['black box'],['yellow mustard bottle']","32.20685648918152,37.86474084854126,35.5782949924469","True,True,True",,"finished,finished,finished",True,"jello box,black box,yellow mustard bottle",,3,0,0,0,0,3,0,3,0,2,trial_2025-12-06_14-59-19__scene2__vlm_dg/2__exp_3__yellow_mustard_bottle___vlm_dg,vlm_dg,505.45401763916016,
5.711148738861084,26.565088987350464,2.026557922363281e-05,3.0994415283203125e-06,32.27644324302673,yellow mustard bottle.,2.0,"5.0,0.0","15.924787044525146,28.55090475082397","0.6409125328063965,0.5685125589370728","51.98645067214966,59.18394875526428","21.351137399673465,19.99148654937744","5.205014705657959,3.4119856357574463","black box,yellow mustard bottle","False,True","['black box', 'jello box'],['yellow mustard bottle']","46.622164249420166,31.57550358772278","True,True",,"finished,finished",True,"jello box,black box,yellow mustard bottle",,2,0,0,0,0,1,1,3,0,2,trial_2025-12-06_14-59-19__scene2__vlm_dg/2__exp_2__yellow_mustard_bottle___vlm_dg,vlm_dg,316.93660497665405,
5.713283061981201,26.83927583694458,2.09808349609375e-05,2.6226043701171875e-06,32.55274963378906,yellow mustard bottle.,2.0,"-1,5,0","36.32845067977905,44.98550486564636,73.2516918182373","0.4918844997882843,0.5043104290962219","111.67524838447572,118.77923822402954","13.351401090621948,28.0549476146698","4.862452030181885,4.014806270599365","jello box,yellow mustard bottle","True,True","['jello box'],['yellow mustard bottle']","39.43210411071777,41.52251720428467","True,True",,"finished,finished",True,"jello box,yellow mustard bottle",,2,0,0,0,0,2,0,2,0,2,trial_2025-12-06_14-59-19__scene2__vlm_dg/2__yellow_mustard_bottle___vlm_dg,vlm_dg,458.80620861053467,
5.775069952011108,26.814574480056763,2.050399780273437e-05,2.6226043701171875e-06,32.589865922927856,yellow mustard bottle.,2.0,"7.0,0.0","8.676007509231567,5.142278671264648","0.5969472527503967,0.6305845379829407","55.31966400146485,36.44709229469299","20.103487968444824,20.34389638900757","13.150880813598633,3.494281530380249","black box,yellow mustard bottle","False,True","['black box', 'jello box'],['yellow mustard bottle']","45.72160005569458,42.08648943901062","True,True",,"finished,finished",True,"jello box,black box,yellow mustard bottle",,2,0,0,0,0,1,1,3,0,2,trial_2025-12-04_17-21-05__scene2__vlm_only/2__exp_3__yellow_mustard_bottle___vlm_only,vlm_only,288.2194368839264,"MotionGenStatus.INVALID_START_STATE_WORLD_COLLISION,MotionGenStatus.INVALID_START_STATE_WORLD_COLLISION"
5.682345390319824,26.74412083625793,2.5510787963867188e-05,3.337860107421875e-06,32.42666459083557,yellow mustard bottle.,3.0,"3,3,0","8.434542894363403,9.293970108032228,6.64004111289978","0.3260042369365692,0.6538252830505371,0.6922311782836914","35.052249908447266,41.16204047203064,40.90768671035767","12.71212911605835,15.06256365776062,22.71206569671631","4.127976894378662,3.622482061386109,3.6519367694854736","jello box,black box,yellow mustard bottle","True,True,True","['jello box'],['black box'],['yellow mustard bottle']","36.91092562675476,32.340028524398804,37.71200942993164","True,True,True",,"finished,finished,finished",True,"jello box,black box,yellow mustard bottle",,3,0,0,0,0,3,0,3,0,2,trial_2025-12-04_17-21-05__scene2__vlm_only/2__yellow_mustard_bottle___vlm_only,vlm_only,438.6714606285095,
5.689081430435181,26.970062971115112,2.050399780273437e-05,2.384185791015625e-06,32.65933132171631,yellow mustard bottle.,15.0,"3,2,10,10,1,-1,6,9,6,6,6,0,0,5,-1,2,5,5,4,4,4,2,5,5,5,5,2,5,3,5,2,-1,5,3,2,5,5","47.184415340423584,32.26246500015259,44.99513030052185,44.89116907119751,38.766780376434326,27.62679433822632,32.81389570236206,64.67541360855103,9.921429634094238,4.731598377227783,5.380739450454712,4.896515130996704,6.772434234619141,24.54930067062378,35.38522529602051,22.254512071609497,33.18446707725525,33.321874380111694,49.066739320755005,21.44430613517761,35.915690660476685,32.315592765808105,61.35228490829468,31.79030752182007,30.398897647857662,42.09964799880981,27.668455362319943,23.14383745193481,25.775653839111328,31.664140701293945,31.008994102478027,14.13976764678955,31.118644952774048,20.91669487953186,22.473960638046265,36.20389866828919,19.250301599502563","0.3142560422420501,0.3376917839050293,0.6339275240898132,0.4039142727851867,0.5109377503395081,0.2964403033256531","77.321524143219,130.2615430355072,165.68583035469055,152.2024645805359,26.072418451309204,37.577701807022095","13.200296878814695,11.256482124328612,11.908408164978027,10.796786069869995,11.703287839889526,11.205954551696776","3.94906497001648,76.38506269454956,17.141971349716187,2.4312565326690674,2.771279573440552,13.074203491210938","orange,tomato soup can,window cleaner,jello box,white bleach bottle,white bottle","False,True,True,True,True,True","[],['tomato soup can'],['window cleaner'],['jello box'],['white bleach bottle'],['white bottle']","39.99537897109985,35.631717920303345,37.75298070907593,38.84059429168701,37.69567012786865,33.56431269645691","False,True,True,True,True,True",,"finished,finished,finished,finished,grasp_choice_failed,finished,finished,grasp_choice_failed,grasp_choice_failed,grasp_choice_failed,grasp_choice_failed,grasp_choice_failed,grasp_choice_failed,grasp_choice_failed,grasp_choice_failed",False,"white bleach bottle,window cleaner,tomato soup can,white bottle,jello box",,6,0,0,9,0,5,1,5,0,2,trial_2025-12-04_17-21-05__scene2__vlm_only/2__exp_2__yellow_mustard_bottle___vlm_only,vlm_only,2236.057862520218,"MotionGenStatus.INVALID_START_STATE_WORLD_COLLISION,MotionGenStatus.INVALID_START_STATE_WORLD_COLLISION,MotionGenStatus.INVALID_START_STATE_WORLD_COLLISION,MotionGenStatus.INVALID_START_STATE_WORLD_COLLISION,MotionGenStatus.INVALID_START_STATE_WORLD_COLLISION,MotionGenStatus.INVALID_START_STATE_WORLD_COLLISION,MotionGenStatus.INVALID_START_STATE_WORLD_COLLISION,MotionGenStatus.INVALID_START_STATE_WORLD_COLLISION,MotionGenStatus.INVALID_START_STATE_WORLD_COLLISION,MotionGenStatus.INVALID_START_STATE_WORLD_COLLISION,MotionGenStatus.INVALID_START_STATE_WORLD_COLLISION,MotionGenStatus.INVALID_START_STATE_WORLD_COLLISION,MotionGenStatus.INVALID_START_STATE_WORLD_COLLISION,MotionGenStatus.INVALID_START_STATE_WORLD_COLLISION,MotionGenStatus.INVALID_START_STATE_WORLD_COLLISION,MotionGenStatus.INVALID_START_STATE_WORLD_COLLISION,MotionGenStatus.INVALID_START_STATE_WORLD_COLLISION,MotionGenStatus.INVALID_START_STATE_WORLD_COLLISION,MotionGenStatus.INVALID_START_STATE_WORLD_COLLISION,MotionGenStatus.INVALID_START_STATE_WORLD_COLLISION,MotionGenStatus.INVALID_START_STATE_WORLD_COLLISION,MotionGenStatus.INVALID_START_STATE_WORLD_COLLISION,MotionGenStatus.INVALID_START_STATE_WORLD_COLLISION,MotionGenStatus.INVALID_START_STATE_WORLD_COLLISION,MotionGenStatus.INVALID_START_STATE_WORLD_COLLISION,MotionGenStatus.INVALID_START_STATE_WORLD_COLLISION,MotionGenStatus.INVALID_START_STATE_WORLD_COLLISION,MotionGenStatus.INVALID_START_STATE_WORLD_COLLISION,MotionGenStatus.INVALID_START_STATE_WORLD_COLLISION,MotionGenStatus.INVALID_START_STATE_WORLD_COLLISION,MotionGenStatus.INVALID_START_STATE_WORLD_COLLISION,MotionGenStatus.INVALID_START_STATE_WORLD_COLLISION,MotionGenStatus.INVALID_START_STATE_WORLD_COLLISION,MotionGenStatus.INVALID_START_STATE_WORLD_COLLISION,MotionGenStatus.INVALID_START_STATE_WORLD_COLLISION"
5.639256715774536,27.49038910865784,2.9325485229492188e-05,3.576278686523437e-06,33.12983536720276,yellow mustard bottle.,3.0,"5,3,-1,0","13.33352541923523,14.77278971672058,9.672403335571287,4.730995416641235","0.3520832061767578,0.7125505805015564,0.6314376592636108","47.69008135795593,41.96181201934815,40.63096880912781","20.54170608520508,14.749616146087646,15.441832780838013","3.9316694736480713,4.068673372268677,3.293200254440308","jello box,black box,yellow mustard bottle","True,True,True","['jello box'],['black box'],['yellow mustard bottle']","42.45683979988098,38.582144260406494,45.09836935997009","True,True,True",,"finished,finished,finished",True,"jello box,black box,yellow mustard bottle",,3,0,0,0,0,3,0,3,0,2,trial_2025-12-04_16-52-58__scene2__human/2__exp_3__yellow_mustard_bottle___human,human,434.7277083396912,
5.710667371749878,27.00107860565185,3.2901763916015625e-05,3.576278686523437e-06,32.71195888519287,yellow mustard bottle.,3.0,"5,3,0","8.988117933273315,4.813355922698975,11.731101274490356","0.467330664396286,0.7508882880210876,0.5902872085571289","35.74233341217041,43.75346088409424,37.91022539138794","12.352567911148071,21.065123081207275,14.854165315628052","4.439210891723633,3.8289055824279785,3.4108831882476807","jello box,black box,yellow mustard bottle","True,True,True","['jello box'],['black box'],['yellow mustard bottle']","38.69871783256531,53.38774871826172,38.25178647041321","True,True,True",,"finished,finished,finished",True,"jello box,black box,yellow mustard bottle",,3,0,0,0,0,3,0,3,0,2,trial_2025-12-04_16-52-58__scene2__human/2__exp_2__yellow_mustard_bottle___human,human,424.6185059547424,
5.720144033432007,26.61528468132019,3.314018249511719e-05,4.529953002929688e-06,32.33561897277832,yellow mustard bottle.,4.0,"5,4,0,0","5.461563348770142,18.11031556129456,5.982612133026123,3.579697370529175","0.4203523099422455,0.6820406317710876,0.6652811765670776,0.4791187345981598","31.891430139541622,54.58493757247925,39.46046209335327,34.78779363632202","13.511703729629517,22.30236506462097,20.97391939163208,21.235580921173096","4.425534963607788,4.240209341049194,4.33987021446228,3.2835049629211426","jello box,black box,yellow mustard bottle,yellow mustard bottle","True,True,False,True","['jello box'],['black box'],[],['yellow mustard bottle']","40.30388617515564,36.311259031295776,46.4333860874176,36.68529415130615","True,True,False,True",,"finished,finished,finished,finished",True,"jello box,black box,yellow mustard bottle",,4,0,0,0,0,3,1,3,0,2,trial_2025-12-04_16-52-58__scene2__human/2__yellow_mustard_bottle___human,human,559.1418700218201,
"5.700984239578247,5.585747241973877,5.642348766326904","26.71204423904419,26.93642783164978,26.550880193710327","3.814697265625e-05,3.0994415283203125e-05,2.3365020751953125e-05","2.6226043701171875e-06,2.6226043701171875e-06,3.0994415283203125e-06","32.413246870040894,32.52239465713501,32.193442821502686","blue box.,blue box.,blue box.",3.0,"-1,-1,-1,-1,-1,-1,-1,-1,-1,9,1,0","0.1695361137390136,0.2146422863006591,0.1951978206634521,0.1669788360595703,0.2568039894104004,0.2310926914215088,0.184868574142456,0.199209451675415,0.2036275863647461,21.541523456573486,26.522034645080566,8.302754878997803","0.3661571145057678,0.6791835427284241,0.7602024674415588","50.78533101081848,49.17640423774719,30.66818356513977","14.63755464553833,10.793319463729858,10.645314455032349","3.791144609451294,3.516388416290283,2.7248456478118896","window cleaner,yellow mustard,blue box","True,True,True","['window cleaner'],['yellow mustard'],['blue box']","42.84704089164734,45.00518178939819,36.28920650482178","True,True,True",,"grasp_choice_failed,grasp_choice_failed,grasp_choice_failed,finished,finished,finished",True,"yellow mustard,window cleaner,blue box",,3,0,0,3,0,3,0,3,0,1,trial_manual__real_trials__vlm_only/real_vlm_only_new_scene1_exp1,vlm_only,0.0,
5.639926671981812,25.74139714241028,1.9550323486328125e-05,2.1457672119140625e-06,31.38149189949036,blue box.,8.0,"3.0,3.0,2.0,3.0,0.0,2.0,4.0,3.0,3.0,1.0,2.0,0.0","23.098548412323,26.046042442321777,47.58671832084656,25.426311016082764,5.328328847885132,39.461589097976685,14.053427457809448,36.71951246261597,26.41090202331543,30.939327239990234,28.245728015899655,6.189975023269653","0.7271255850791931,0.6402322053909302,0.5405039191246033,0.2339610755443573,0.2735277116298675,0.622098445892334,0.4957410097122192,0.8003699779510498","58.37880635261536,50.15192151069641,92.68799376487732,23.35300898551941,110.37620186805724,109.5260727405548,56.11309814453125,16.738141298294067","17.845451831817627,12.624130487442017,8.479762315750122,7.892278432846069,4.32507586479187,2.970327377319336,3.4110472202301025,3.5075488090515137","4.986804485321045,3.8574259281158447,3.0769243240356445,2.979337453842163,44.22005772590637,2.125157356262207,16.788716316223145,0.8728733062744141","yellow mustard,tomato soup can,yellow sugar box,index cards,white water bottle,window cleaner,window cleaner,blue box","True,True,True,True,True,False,True,True","['yellow mustard'],['tomato soup can'],['yellow sugar box'],['index cards'],['white water bottle'],[],['window cleaner'],['blue box']","55.48839783668518,35.78919434547424,74.70132231712341,68.43074941635132,52.79186105728149,52.26740884780884,43.14574646949768,46.75026249885559","True,True,False,True,True,False,True,True",yellow sugar box,"finished,finished,finished,finished,finished,finished,finished,finished",True,"window cleaner,white water bottle,tomato soup can,index cards,yellow mustard,blue box",yellow sugar box,8,0,0,0,0,7,1,6,1,1,trial_manual__real_trials__vlm_only/real_vlm_only_new_scene1_exp3,vlm_only,0.0,"MotionGenStatus.TRAJOPT_FAIL,MotionGenStatus.TRAJOPT_FAIL,MotionGenStatus.TRAJOPT_FAIL,MotionGenStatus.INVALID_START_STATE_WORLD_COLLISION,MotionGenStatus.INVALID_START_STATE_WORLD_COLLISION,MotionGenStatus.INVALID_START_STATE_WORLD_COLLISION,MotionGenStatus.INVALID_START_STATE_WORLD_COLLISION,MotionGenStatus.INVALID_START_STATE_WORLD_COLLISION,MotionGenStatus.INVALID_START_STATE_WORLD_COLLISION,MotionGenStatus.INVALID_START_STATE_WORLD_COLLISION,MotionGenStatus.INVALID_START_STATE_WORLD_COLLISION,MotionGenStatus.INVALID_START_STATE_WORLD_COLLISION,MotionGenStatus.INVALID_START_STATE_WORLD_COLLISION"
5.614622354507446,26.9209246635437,2.956390380859375e-05,2.384185791015625e-06,32.5357551574707,blue box.,5.0,"2,4,2,1,1,1,2,0","22.520546197891235,18.95848274230957,14.96377158164978,24.74501061439514,36.91731095314026,20.825236558914185,27.19227695465088,6.953412771224976","0.6846155524253845,0.4654234647750854,0.4978399872779846,0.5276471972465515,0.7289036512374878","48.75090932846069,46.45942187309265,63.914565324783325,104.05221605300903,27.19714379310608","12.992547512054443,11.06352424621582,10.82056999206543,8.981863737106323,9.962261438369753","3.7823541164398193,4.952015161514282,5.130781173706055,3.026090621948242,1.9099054336547847","yellow mustard,tomato soup can,window cleaner,window cleaner,blue box","True,True,True,True,True","['yellow mustard'],['tomato soup can'],['window cleaner'],['window cleaner'],['blue box']","45.79359793663025,43.4294331073761,41.44521713256836,45.57962274551392,37.28243327140808","True,True,False,True,True",,"finished,finished,finished,finished,finished",True,"yellow mustard,window cleaner,tomato soup can,blue box",,5,0,0,0,0,5,0,4,0,1,trial_manual__real_trials__vlm_only/real_vlm_only_new_scene1_exp2,vlm_only,0.0,"MotionGenStatus.INVALID_START_STATE_WORLD_COLLISION,MotionGenStatus.INVALID_START_STATE_WORLD_COLLISION"
5.784717559814453,26.860579013824463,2.408027648925781e-05,2.384185791015625e-06,32.64548349380493,blue box.,6.0,"2.0,0.0,4.0,0.0,0.0,0.0","38.63753271102905,5.367593765258789,5.255445241928101,5.864684581756592,5.147515773773193,7.431383371353149","0.5280851721763611,0.6310884356498718,0.5686586499214172,0.2148536890745163,0.4584384858608246,0.8223188519477844","68.31648302078247,43.9196035861969,26.759291410446167,21.3518283367157,44.189512729644775,20.050922393798828","11.012439012527466,9.061970710754396,11.582112789154053,6.859734058380127,5.568880081176758,4.824984788894653","3.700719356536865,20.628106832504272,2.8571176528930664,2.1259021759033203,26.64260315895081,1.03529691696167","tomato soup can,yellow sugar box,yellow mustard,index cards,window cleaner,blue box","True,True,True,False,True,True","['tomato soup can'],['yellow sugar box'],['yellow mustard'],[],['window cleaner'],['blue box']","36.8163583278656,40.69944405555725,352.7821726799011,86.99619674682617,36.04638910293579,34.34262418746948","True,True,True,False,True,True",,"finished,finished,finished,finished,finished,finished",True,"window cleaner,tomato soup can,yellow mustard,blue box,yellow sugar box",,6,0,0,0,0,5,1,5,0,1,trial_2025-12-04_14-17-37__real_trials__dg_into_vlm/1__blue_box___dg_into_vlm,dg_into_vlm,1210.1550869941711,"MotionGenStatus.IK_FAIL,MotionGenStatus.IK_FAIL,MotionGenStatus.INVALID_START_STATE_WORLD_COLLISION,MotionGenStatus.INVALID_START_STATE_WORLD_COLLISION,MotionGenStatus.INVALID_START_STATE_WORLD_COLLISION,MotionGenStatus.INVALID_START_STATE_WORLD_COLLISION,MotionGenStatus.INVALID_START_STATE_WORLD_COLLISION,MotionGenStatus.INVALID_START_STATE_WORLD_COLLISION,MotionGenStatus.INVALID_START_STATE_WORLD_COLLISION,MotionGenStatus.INVALID_START_STATE_WORLD_COLLISION,MotionGenStatus.INVALID_START_STATE_WORLD_COLLISION,MotionGenStatus.INVALID_START_STATE_WORLD_COLLISION,MotionGenStatus.INVALID_START_STATE_WORLD_COLLISION"
5.569792032241821,26.80320954322815,1.883506774902344e-05,2.86102294921875e-06,32.373186349868774,blue box.,4.0,"3,1,2,0","20.41223454475403,15.35367727279663,32.63761234283447,6.919545412063599","0.5988043546676636,0.5674755573272705,0.5716721415519714,0.5962585210800171","50.986828088760376,42.30945348739624,50.651188135147095,26.36926960945129","12.195743322372437,13.360122680664062,7.883600234985352,10.219624042510986","10.69899868965149,6.728644847869873,2.8957841396331787,2.2265567779541016","tomato soup can,yellow mustard,window cleaner,blue box","True,True,True,True","['tomato soup can'],['yellow mustard'],['window cleaner'],['blue box']","35.36548185348511,37.68892478942871,35.62915778160095,43.03516006469727","True,True,True,True",,"finished,finished,finished,finished",True,"yellow mustard,window cleaner,tomato soup can,blue box",,4,0,0,0,0,4,0,4,0,1,trial_2025-12-04_14-17-37__real_trials__dg_into_vlm/1__exp_3__blue_box___dg_into_vlm,dg_into_vlm,825.1912145614624,"MotionGenStatus.INVALID_START_STATE_WORLD_COLLISION,MotionGenStatus.INVALID_START_STATE_WORLD_COLLISION,MotionGenStatus.INVALID_START_STATE_WORLD_COLLISION,MotionGenStatus.INVALID_START_STATE_WORLD_COLLISION"
5.790426731109619,26.846745491027832,3.671646118164063e-05,3.576278686523437e-06,32.637383460998535,blue box.,8.0,"1.0,4.0,4.0,0.0,0.0,0.0,0.0,0.0,0.0,0.0","22.29286289215088,22.490619659423828,28.141551971435547,5.958166599273682,8.184340000152588,5.933145999908447,7.407335519790649,5.709261417388916,4.833690881729126,8.02704644203186","0.6237828731536865,0.6175439953804016,0.5419248342514038,0.4493176639080047,0.1981799602508545,0.3241917192935943,0.4196403920650482","48.30290102958679,48.03094244003296,51.30931854248047,21.62488269805908,20.56317663192749,43.15009832382202,21.23098397254944","12.357007265090942,10.009787797927856,8.102190494537354,6.732175588607788,6.16125226020813,3.2868571281433105,5.091302394866943","3.8199503421783447,8.246976613998413,3.019780158996582,3.088232517242432,2.1677162647247314,28.779292345047,2.281364679336548","yellow mustard,tomato soup can,yellow sugar box,index cards,index cards,window cleaner,blue box","True,True,True,False,True,True,True","['yellow mustard'],['tomato soup can'],['yellow sugar box'],[],['index cards'],['window cleaner'],['blue box']","42.2447521686554,35.83846855163574,34.55783796310425,53.74567008018494,46.63722729682922,36.31387758255005,40.48319911956787","True,True,True,False,True,True,True",,"finished,finished,finished,finished,grasp_choice_failed,finished,finished,finished",True,"window cleaner,tomato soup can,index cards,yellow mustard,blue box,yellow sugar box",,7,0,0,1,0,6,1,6,0,1,trial_2025-12-04_14-17-37__real_trials__dg_into_vlm/1__exp_2__blue_box___dg_into_vlm,dg_into_vlm,927.4324159622192,"MotionGenStatus.INVALID_START_STATE_WORLD_COLLISION,MotionGenStatus.INVALID_START_STATE_WORLD_COLLISION,MotionGenStatus.INVALID_START_STATE_WORLD_COLLISION,MotionGenStatus.INVALID_START_STATE_WORLD_COLLISION,MotionGenStatus.INVALID_START_STATE_WORLD_COLLISION,MotionGenStatus.INVALID_START_STATE_WORLD_COLLISION,MotionGenStatus.INVALID_START_STATE_WORLD_COLLISION,MotionGenStatus.INVALID_START_STATE_WORLD_COLLISION,MotionGenStatus.INVALID_START_STATE_WORLD_COLLISION,MotionGenStatus.INVALID_START_STATE_WORLD_COLLISION,MotionGenStatus.INVALID_START_STATE_WORLD_COLLISION,MotionGenStatus.INVALID_START_STATE_WORLD_COLLISION,MotionGenStatus.INVALID_START_STATE_WORLD_COLLISION,MotionGenStatus.INVALID_START_STATE_WORLD_COLLISION,MotionGenStatus.INVALID_START_STATE_WORLD_COLLISION,MotionGenStatus.INVALID_START_STATE_WORLD_COLLISION"
5.642274379730225,26.90268039703369,2.193450927734375e-05,2.6226043701171875e-06,32.5451340675354,blue box.,3.0,"3,3,0","30.696021556854248,22.24061799049377,44.919716358184814","0.5876922011375427,0.3986470997333526,0.6747820377349854","60.20541834831238,41.72447681427002,68.45702719688416","8.860939025878906,8.699301958084106,9.80386447906494","3.480644702911377,3.316849708557129,6.05636477470398","yellow mustard,window cleaner,blue box","True,True,True","['yellow mustard'],['window cleaner'],['blue box']","38.98178315162659,42.90053367614746,38.08451247215271","True,True,True",,"finished,finished,finished",True,"yellow mustard,window cleaner,blue box",,3,0,0,0,0,3,0,3,0,1,trial_2025-12-04_15-11-31__real_trials__vlm_dg/1__exp_3__blue_box___vlm_dg,vlm_dg,553.6172122955322,MotionGenStatus.INVALID_START_STATE_WORLD_COLLISION
5.58779764175415,26.831804752349854,2.4557113647460938e-05,2.384185791015625e-06,32.419780254364014,blue box.,4.0,"4.0,4.0,2.0,0.0","27.58470129966736,23.623363256454468,10.806700468063354,40.01908779144287","0.6736019849777222,0.2737873494625091,0.4255572259426117,0.6626025438308716","52.003700256347656,56.45915770530701,38.746498346328735,57.245704650878906","10.753896951675417,7.899827241897583,7.086914300918579,8.364719867706299","3.8420023918151855,18.193201303482056,13.294886589050291,1.932837724685669","yellow mustard,white water bottle,window cleaner,blue box","True,True,True,True","['yellow mustard'],['white water bottle'],['window cleaner'],['blue box']","44.55095386505127,36.47574305534363,37.54859018325806,41.52894830703735","True,True,True,True",,"finished,finished,finished,finished",True,"yellow mustard,window cleaner,white water bottle,blue box",,4,0,0,0,0,4,0,4,0,1,trial_2025-12-04_15-11-31__real_trials__vlm_dg/1__exp_2__blue_box___vlm_dg,vlm_dg,545.0234041213989,"MotionGenStatus.TRAJOPT_FAIL,MotionGenStatus.INVALID_START_STATE_WORLD_COLLISION,MotionGenStatus.INVALID_START_STATE_WORLD_COLLISION,MotionGenStatus.INVALID_START_STATE_WORLD_COLLISION,MotionGenStatus.INVALID_START_STATE_WORLD_COLLISION,MotionGenStatus.INVALID_START_STATE_WORLD_COLLISION,MotionGenStatus.INVALID_START_STATE_WORLD_COLLISION"
5.669309377670288,26.70074892044068,2.1219253540039062e-05,2.6226043701171875e-06,32.37023735046387,blue box.,5.0,"4,5,2,3,0","47.88947939872742,25.880444526672363,56.618982553482056,17.86775517463684,23.98171615600586","0.6289753913879395,0.3265504539012909,0.5694916248321533,0.4917952716350555,0.2815295159816742","77.1576018333435,67.2089991569519,76.24799394607544,35.47833633422852,41.76510286331177","15.736681938171388,10.950366735458374,8.127382516860962,7.540898084640503,6.763139963150024","4.215924024581909,23.51604390144348,4.394008159637451,2.551050901412964,1.697519302368164","yellow mustard,white water bottle,tomato soup can,window cleaner,blue box","True,True,True,True,True","['yellow mustard'],['white water bottle'],['tomato soup can'],['window cleaner'],['blue box']","35.30258560180664,40.00817608833313,37.7749228477478,36.88907814025879,35.299333572387695","True,True,True,True,True",,"finished,finished,finished,finished,finished",True,"window cleaner,white water bottle,tomato soup can,yellow mustard,blue box",,5,0,0,0,0,5,0,5,0,1,trial_2025-12-04_15-11-31__real_trials__vlm_dg/1__blue_box___vlm_dg,vlm_dg,773.4518620967865,"MotionGenStatus.INVALID_START_STATE_WORLD_COLLISION,MotionGenStatus.INVALID_START_STATE_WORLD_COLLISION,MotionGenStatus.TRAJOPT_FAIL,MotionGenStatus.INVALID_START_STATE_WORLD_COLLISION"
5.592246770858765,26.78966999053955,3.075599670410156e-05,3.0994415283203125e-06,32.382105350494385,blue box.,4.0,"3,4,1,0","0.6384222507476807,0.5332324504852295,0.4922029972076416,0.4417734146118164","0.6571708917617798,0.4228587746620178,0.4745317995548248,0.747619092464447","29.59414792060852,76.44203877449036,26.202232122421265,30.666638374328613","13.83730435371399,15.519829750061035,13.328426361083984,12.748342990875244","3.215367078781128,3.058188915252685,2.8527772426605225,4.778015613555908","yellow mustard,white water bottle,window cleaner,blue box","True,True,True,True","['yellow mustard'],['white water bottle'],['window cleaner'],['blue box']","70.94894671440125,48.78954267501831,41.86503529548645,44.44663000106812","True,True,True,True",,"finished,finished,finished,finished",True,"yellow mustard,window cleaner,white water bottle,blue box",,4,0,0,0,0,4,0,4,0,1,trial_manual__real_trials__dg_only/real_dg_only_new_scene1_exp1,dg_only,0.0,MotionGenStatus.INVALID_START_STATE_WORLD_COLLISION
5.6886146068573,27.35940170288086,1.8358230590820312e-05,1.9073486328125e-06,33.04819393157959,blue box.,3.0,"3,1,0","0.6581680774688721,0.5614840984344482,0.8798215389251709","0.5997527837753296,0.5048441886901855,0.4977066218852997","24.305535554885864,22.92290616035461,20.661154985427856","11.09818720817566,8.685627937316895,9.248206853866575","3.821589469909668,5.521752595901489,2.712829828262329","yellow mustard,window cleaner,blue box","True,True,True","['yellow mustard'],['window cleaner'],['blue box']","70.06888175010681,42.90782427787781,36.11537170410156","True,True,True",window cleaner,"finished,finished,finished",True,"yellow mustard,window cleaner,blue box",,3,0,0,0,0,3,0,3,0,1,trial_manual__real_trials__dg_only/real_dg_only_new_scene1_exp3,dg_only,0.0,MotionGenStatus.INVALID_START_STATE_WORLD_COLLISION
5.521979331970215,26.438225746154785,2.7418136596679688e-05,2.86102294921875e-06,31.96039080619812,blue box.,4.0,"4,5,2,0","0.6413509845733643,0.5281796455383301,0.4648678302764892,0.3902246952056885","0.5752180814743042,0.2084074467420578,0.4256178736686706,0.6015305519104004","26.439180612564087,25.89719247817993,23.495784521102905,18.41055965423584","11.0695161819458,7.570927858352661,7.66302227973938,7.587595701217651","2.983017444610596,5.935440301895142,7.514087438583374,3.2664217948913574","yellow mustard,white water bottle,window cleaner,blue box","True,True,True,True","['yellow mustard'],['white water bottle'],['window cleaner'],['blue box']","48.16380763053894,74.6989152431488,117.78694939613342,57.98555040359497","True,True,True,True",,"finished,finished,finished,finished",True,"yellow mustard,window cleaner,white water bottle,blue box",,4,0,0,0,0,4,0,4,0,1,trial_manual__real_trials__dg_only/real_dg_only_new_scene1_exp2,dg_only,0.0,"MotionGenStatus.INVALID_START_STATE_WORLD_COLLISION,MotionGenStatus.INVALID_START_STATE_WORLD_COLLISION,MotionGenStatus.INVALID_START_STATE_WORLD_COLLISION"
"5.603090047836304,5.642281770706177","29.359960556030277,26.318519830703732","3.5762786865234375e-05,4.649162292480469e-05","3.0994415283203125e-06,3.814697265625e-06","34.96324896812439,31.961023569107056","blue box.,blue box.",3.0,"7.0,2.0,2.0","6.37495231628418,3.024235725402832,31.37187767028809","0.6757472157478333,0.4447028636932373,0.6554377675056458","24.82012701034546,23.20517206192017,48.072264194488525","8.702381372451782,11.857985734939575,9.44956922531128","3.1762032508850098,3.3191583156585693,2.5905776023864746","yellow mustard,window cleaner,blue box","True,True,True","['yellow mustard'],['window cleaner'],['blue box']","40.72472882270813,35.466989517211914,38.6789538860321","True,True,True",,"finished,finished,finished",True,"yellow mustard,window cleaner,blue box",,3,0,0,0,0,3,0,3,0,1,trial_manual__real_trials__human/real_human_new_scene1_exp1,human,0.0,
"5.647986173629761,5.593802690505981","26.54364919662476,25.90549373626709","2.5272369384765625e-05,2.5510787963867188e-05","2.86102294921875e-06,2.384185791015625e-06","32.191848278045654,31.499519109725952","blue box.,blue box.",3.0,"3.0,2.0,0.0","51.84335708618164,5.034236192703247,4.8449482917785645","0.6301252841949463,0.3926558196544647,0.8073097467422485","76.1350347995758,100.70436429977416,26.44705390930176","12.642302751541138,10.571832656860352,12.748517274856567","3.698765277862549,74.9256899356842,3.19431209564209","yellow mustard,window cleaner,blue box","True,True,True","['yellow mustard'],['window cleaner'],['blue box']","45.968666553497314,38.58361792564392,42.39986538887024","False,True,True",,"finished,finished,finished",True,"window cleaner,blue box",,3,0,0,0,0,3,0,2,0,1,trial_manual__real_trials__human/real_human_new_scene1_exp2,human,0.0,"MotionGenStatus.INVALID_START_STATE_WORLD_COLLISION,MotionGenStatus.INVALID_START_STATE_WORLD_COLLISION,MotionGenStatus.INVALID_START_STATE_WORLD_COLLISION,MotionGenStatus.INVALID_START_STATE_WORLD_COLLISION,MotionGenStatus.INVALID_START_STATE_WORLD_COLLISION,MotionGenStatus.INVALID_START_STATE_WORLD_COLLISION,MotionGenStatus.INVALID_START_STATE_WORLD_COLLISION,MotionGenStatus.INVALID_START_STATE_WORLD_COLLISION,MotionGenStatus.INVALID_START_STATE_WORLD_COLLISION,MotionGenStatus.INVALID_START_STATE_WORLD_COLLISION,MotionGenStatus.INVALID_START_STATE_WORLD_COLLISION,MotionGenStatus.INVALID_START_STATE_WORLD_COLLISION,MotionGenStatus.INVALID_START_STATE_WORLD_COLLISION,MotionGenStatus.INVALID_START_STATE_WORLD_COLLISION,MotionGenStatus.INVALID_START_STATE_WORLD_COLLISION,MotionGenStatus.INVALID_START_STATE_WORLD_COLLISION,MotionGenStatus.INVALID_START_STATE_WORLD_COLLISION,MotionGenStatus.INVALID_START_STATE_WORLD_COLLISION,MotionGenStatus.INVALID_START_STATE_WORLD_COLLISION,MotionGenStatus.INVALID_START_STATE_WORLD_COLLISION,MotionGenStatus.TRAJOPT_FAIL,MotionGenStatus.INVALID_START_STATE_WORLD_COLLISION"
5.591826915740967,26.463016033172607,2.384185791015625e-05,2.1457672119140625e-06,32.05501461029053,blue box.,3.0,"3.0,2.0,0.0","38.58116316795349,14.733638525009155,7.095847606658936","0.6646031141281128,0.4579363465309143,0.299934983253479","60.5266478061676,62.26325225830078,26.80828070640564","10.375754117965698,11.034968614578249,9.682968854904177","3.678512096405029,30.779110193252563,3.408521175384521","yellow mustard,window cleaner,blue box","True,True,True","['yellow mustard'],['window cleaner'],['blue box']","38.92808818817139,41.472514152526855,44.885223150253296","True,True,True",,"finished,finished,finished",True,"yellow mustard,window cleaner,blue box",,3,0,0,0,0,3,0,3,0,1,trial_manual__real_trials__human/real_human_new_scene1_exp3,human,0.0,"MotionGenStatus.INVALID_START_STATE_WORLD_COLLISION,MotionGenStatus.INVALID_START_STATE_WORLD_COLLISION,MotionGenStatus.INVALID_START_STATE_WORLD_COLLISION,MotionGenStatus.INVALID_START_STATE_WORLD_COLLISION,MotionGenStatus.INVALID_START_STATE_WORLD_COLLISION,MotionGenStatus.INVALID_START_STATE_WORLD_COLLISION,MotionGenStatus.INVALID_START_STATE_WORLD_COLLISION,MotionGenStatus.INVALID_START_STATE_WORLD_COLLISION,MotionGenStatus.INVALID_START_STATE_WORLD_COLLISION,MotionGenStatus.INVALID_START_STATE_WORLD_COLLISION"
5.636637449264526,26.492850303649902,2.6226043701171875e-05,2.384185791015625e-06,32.12967038154602,black box.,4.0,"8,9,8,0","2.4069197177886963,2.1272075176239014,2.2805793285369877,2.286773681640625","0.3233359456062317,0.2274763286113739,0.3932043313980102,0.6111411452293396","46.736761808395386,50.318166971206665,38.66645789146423,47.62904620170593","29.42965817451477,35.967923402786255,24.01885461807251,25.56543636322021","5.85958456993103,4.982073783874512,5.134748458862305,4.747001886367798","green soda bottle,green soda bottle,white box,black box","False,True,True,True","[],['green soda bottle'],['white box'],['black box']","39.76464796066284,41.903544187545776,49.10911560058594,57.76264762878418","False,True,True,True",,"finished,finished,finished,finished",True,"black box,green soda bottle,white box",,4,0,0,0,0,3,1,3,0,3,trial_2025-12-08_16-19-00__scene3__dg_only/3__exp_3__black_box___dg_only,dg_only,693.7233736515045,
5.681885957717896,26.69120955467224,2.6702880859375e-05,2.1457672119140625e-06,32.373281717300415,black box.,4.0,"8,19,8,0","2.2933812141418457,2.4232583045959477,1.938973426818848,2.402880907058716","0.1981880366802215,0.428507000207901,0.3342914879322052,0.6536691188812256","55.33121228218079,40.9367105960846,34.63186502456665,33.4878032207489","24.295140266418457,26.715331315994263,22.16742849349976,20.57820177078247","19.751200675964355,4.461938142776489,3.974977016448975,3.872479915618897","green soda bottle,white box,white bottle,black box","True,True,True,True","['green soda bottle'],['white box'],['white bottle'],['black box']","38.109943151474,42.26767182350159,52.26526069641113,36.75110697746277","True,True,True,True",,"finished,finished,finished,finished",True,"black box,green soda bottle,white box,white bottle",,4,0,0,0,0,4,0,4,0,3,trial_2025-12-08_16-19-00__scene3__dg_only/3__exp_2__black_box___dg_only,dg_only,636.1444442272186,MotionGenStatus.TRAJOPT_FAIL
5.712140321731567,26.38532042503357,3.600120544433594e-05,3.576278686523437e-06,32.097663164138794,black box.,3.0,"8.0,8.0,0.0","2.106034994125366,2.317990064620972,2.6253879070281982","0.2033422291278839,0.4278599619865417,0.2194578945636749","87.14139342308044,42.34304571151733,37.57553386688232","23.962730407714844,27.648457527160645,23.332318544387817","52.174952268600464,5.023889541625977,4.872441530227661","green soda bottle,white bottle,black box","True,True,True","['green soda bottle'],['white bottle'],['black box']","55.55540680885315,50.88888955116272,37.65018343925476","True,True,True",,"finished,finished,finished",True,"black box,green soda bottle,white bottle",,3,0,0,0,0,3,0,3,0,3,trial_2025-12-08_16-19-00__scene3__dg_only/3__black_box___dg_only,dg_only,489.5862715244293,"MotionGenStatus.IK_FAIL,MotionGenStatus.TRAJOPT_FAIL,MotionGenStatus.TRAJOPT_FAIL,MotionGenStatus.IK_FAIL"
5.662445783615112,26.14193630218506,3.5762786865234375e-05,3.0994415283203125e-06,31.80458641052246,black box.,4.0,"13,12,7,0","33.404486417770386,25.093624591827396,41.27744817733765,14.454427242279053","0.1890658289194107,0.2938196361064911,0.2926624715328216,0.5050371885299683","77.91880369186401,75.24259448051453,90.11047530174255,55.40725898742676","27.29117488861084,32.41814184188843,30.020680904388428,23.99101519584656","5.453596830368042,10.190295457839966,11.685878276824951,4.88353157043457","orange fruit,green soda bottle,white box,black box","False,True,True,True","[],['green soda bottle'],['white box'],['black box']","40.165549516677856,41.54068946838379,52.50063800811768,40.21202564239502","False,True,True,True",,"finished,finished,finished,finished",True,"black box,green soda bottle,white box",,4,0,0,0,0,3,1,3,0,3,trial_2025-12-08_16-50-14__scene3__dg_into_vlm/3__exp_2__black_box___dg_into_vlm,dg_into_vlm,939.3917243480682,"MotionGenStatus.INVALID_START_STATE_WORLD_COLLISION,MotionGenStatus.INVALID_START_STATE_WORLD_COLLISION,MotionGenStatus.INVALID_START_STATE_WORLD_COLLISION"
5.611255645751953,26.4267807006836,2.813339233398437e-05,2.86102294921875e-06,32.0382354259491,black box.,3.0,"9,7,11,0","48.148589849472046,24.176311254501343,26.84919571876526,4.670143127441406","0.2667155265808105,0.3807739019393921,0.5704050064086914","89.86613059043884,67.06722736358643,71.97309565544128","28.1239755153656,28.23233318328857,25.17703127861023","5.014524698257446,7.248608350753784,3.817249536514282","green soda bottle,white box,black box","True,True,True","['green soda bottle'],['white box'],['black box']","47.43117022514343,47.12368702888489,38.18287801742554","True,True,True",,"finished,finished,finished",True,"black box,green soda bottle,white box",,3,0,0,0,0,3,0,3,0,3,trial_2025-12-08_16-50-14__scene3__dg_into_vlm/3__black_box___dg_into_vlm,dg_into_vlm,723.8580861091614,MotionGenStatus.INVALID_START_STATE_WORLD_COLLISION
5.639165163040161,27.25766015052796,2.5033950805664062e-05,2.384185791015625e-06,32.897032260894775,black box.,4.0,"11,9,11,0","34.90805196762085,31.044921159744263,63.98152184486389,6.751831293106079","0.2675164937973022,0.3644586503505707,0.302420049905777,0.270088791847229","96.94004988670348,73.54110336303711,109.55997943878174,40.82492280006409","27.912474870681763,29.97324085235596,30.40978217124939,22.642448663711548","5.577728271484375,5.042593002319336,7.709468364715576,3.56620192527771","green soda bottle,white box,white bottle,black box","True,True,True,True","['green soda bottle'],['white box'],['white bottle'],['black box']","44.85422158241272,56.24224662780762,40.58926844596863,46.87319660186768","True,True,True,True",,"finished,finished,finished,finished",True,"black box,green soda bottle,white box,white bottle",,4,0,0,0,0,4,0,4,0,3,trial_2025-12-08_16-50-14__scene3__dg_into_vlm/3__exp_3__black_box___dg_into_vlm,dg_into_vlm,838.6743721961975,MotionGenStatus.INVALID_START_STATE_WORLD_COLLISION
5.756572484970093,26.86927461624145,3.647804260253906e-05,3.814697265625e-06,32.626038789749146,black box.,4.0,"9,-1,0,12,0","124.34419870376588,68.54364204406738,47.6048641204834,146.15674376487732,8.710795164108276","0.3673087656497955,0.8075433969497681,0.2445432096719741,0.6888114213943481","167.93789386749268,157.79507541656494,182.47032594680783,44.26200127601624","26.11538577079773,26.2376229763031,23.48634648323059,25.192193031311035","8.892814874649048,4.428454875946045,6.022515535354614,3.818915605545044","white box,blue box,green soda bottle,black box","True,True,True,True","['white box'],['blue box'],['green soda bottle'],['black box']","41.101234674453735,36.88468551635742,174.20551538467407,48.732773780822754","True,True,True,True",,"finished,finished,finished,finished",True,"blue box,green soda bottle,white box,black box",,4,0,0,0,0,4,0,4,0,3,trial_2025-12-08_18-00-46__scene3__vlm_dg/3__black_box___vlm_dg,vlm_dg,1183.9363479614258,MotionGenStatus.INVALID_START_STATE_WORLD_COLLISION
5.710463762283325,26.279289484024048,2.1457672119140625e-05,2.86102294921875e-06,31.98994493484497,black box.,7.0,"8.0,2.0,9.0,1.0,13.0,0.0","86.48847222328186,47.99021291732788,58.77181029319763,115.38793182373048,119.19093942642212,66.53743934631348","0.4510991871356964,0.1854277551174163,0.2733838260173797,0.2103995084762573,0.2735506594181061,0.4372168183326721","137.88351941108704,92.898695230484,95.58800148963928,157.60686659812927,156.8304944038391,99.28349256515504","24.50452208518982,26.33574914932251,25.02513074874878,31.526716470718384,26.007152795791622,19.71679306030273","19.189087390899655,4.586063861846924,5.270473957061768,4.006325483322144,3.8418993949890137,4.333942174911499","white box,bleach bottle,green soda bottle,bleach bottle,white bottle,black box","True,False,True,True,True,True","['white box'],[],['green soda bottle'],['bleach bottle'],['white bottle'],['black box']","37.22841811180115,36.50186347961426,41.87709283828735,36.9461236000061,39.13573861122131,53.31507086753845","True,False,True,True,True,True","jello box,orange bottle","finished,no_valid_grasps_found,finished,finished,finished,finished,finished",True,"black box,bleach bottle,white box,white bottle,green soda bottle","jello box,orange bottle",6,0,1,0,0,5,1,5,2,3,trial_2025-12-08_18-00-46__scene3__vlm_dg/3__exp_3__black_box___vlm_dg,vlm_dg,1494.9773716926577,"MotionGenStatus.INVALID_START_STATE_WORLD_COLLISION,MotionGenStatus.INVALID_START_STATE_WORLD_COLLISION,MotionGenStatus.INVALID_START_STATE_WORLD_COLLISION"
5.746147155761719,27.005010843276978,2.002716064453125e-05,2.384185791015625e-06,32.75137901306152,black box.,11.0,"5.0,1.0,9.0,6.0,1.0,4.0,5.0,2.0,5.0,0.0","18.060590744018555,82.118656873703,20.35489010810852,184.26067519187927,58.98337292671204,104.51214694976808,88.21110892295837,75.34426736831665,57.00792074203491,30.75781273841858","0.2874705195426941,0.2189148366451263,0.6484055519104004,0.7762612104415894,0.3619836270809173,0.3296175897121429,0.7209860682487488,0.1951616257429123,0.2106778025627136,0.2627549171447754","57.73042845726013,122.57221460342409,67.26410436630249,224.79977560043332,101.30328679084778,136.33646392822266,125.63335180282591,111.04629397392272,88.61780047416687,63.29492902755737","23.929993629455566,18.48576331138611,32.80680584907532,27.11716318130493,27.308858633041385,19.543882131576535,24.36824059486389,24.13957023620605,19.200331211090088,20.34644627571106","5.479160070419312,6.50761342048645,3.870955228805542,4.362659215927124,4.588619232177734,3.9711196422576895,4.428689241409302,3.2101426124572754,3.596790075302124,4.7672107219696045","green soda bottle,bleach bottle,jello box,white box,green soda bottle,window cleaner,blue box,bleach bottle,green soda bottle,black box","False,False,True,True,False,True,True,True,True,True","[],[],['jello box'],['white box'],[],['window cleaner'],['blue box'],['bleach bottle'],['green soda bottle'],['black box']","40.82493829727173,50.79733848571777,47.34717392921448,43.72521901130676,50.87027049064636,53.12707185745239,57.58759927749634,43.96634268760681,40.312729358673096,35.71999764442444","False,False,True,True,False,True,True,True,True,True",,"finished,finished,finished,finished,finished,finished,finished,finished,no_valid_grasps_found,finished,finished",True,"black box,bleach bottle,window cleaner,white box,jello box,blue box,green soda bottle",,10,0,1,0,0,7,3,7,0,3,trial_2025-12-08_18-00-46__scene3__vlm_dg/3__exp_2__black_box___vlm_dg,vlm_dg,2241.231396436692,
5.935183048248291,26.854238986969,2.9325485229492188e-05,3.0994415283203125e-06,32.78966498374939,black box.,3.0,"19,11,0","5.327908515930176,3.780202627182007,4.1640214920043945","0.2285553812980651,0.4188157320022583,0.373730719089508","69.9902982711792,45.54063963890076,53.79170489311218","30.186383485794067,27.28731870651245,30.417579174041748","22.578083276748657,5.049110889434815,4.984658241271973","green soda bottle,white bottle,black box","True,True,True","['green soda bottle'],['white bottle'],['black box']","35.627519607543945,49.96075367927551,48.83875274658203","True,True,True",,"finished,finished,finished",True,"black box,green soda bottle,white bottle",,3,0,0,0,0,3,0,3,0,3,trial_2025-12-08_14-48-49__scene3__human/3__black_box___human,human,578.7114150524139,MotionGenStatus.TRAJOPT_FAIL
5.710531949996948,26.604300022125244,1.4066696166992188e-05,2.384185791015625e-06,32.315011501312256,black box.,3.0,"12,12,0","18.52886390686035,14.591222286224363,6.76115870475769","0.1968187540769577,0.3867799937725067,0.3600733876228332","58.70879077911377,61.96622967720032,46.39434099197388","24.338070392608643,29.725160837173465,25.897869348526","4.690607309341431,7.990289211273193,4.540125846862793","green soda bottle,white bottle,black box","True,True,True","['green soda bottle'],['white bottle'],['black box']","37.68590545654297,35.174354791641235,33.932154178619385","True,True,True",,"finished,finished,finished",True,"black box,green soda bottle,white bottle",,3,0,0,0,0,3,0,3,0,3,trial_2025-12-08_14-48-49__scene3__human/3__exp_2__black_box___human,human,681.606707572937,MotionGenStatus.INVALID_START_STATE_WORLD_COLLISION
5.670884609222412,26.903876304626465,2.5272369384765625e-05,3.0994415283203125e-06,32.57495045661926,black box.,3.0,"9,8,0","8.74167013168335,9.95842695236206,7.481180667877197","0.3639179766178131,0.5272149443626404,0.4217681884765625","48.14558029174805,55.49306201934815,46.593087673187256","24.067069053649902,28.09820318222046,26.291358947753903","4.468830823898315,7.711309909820557,3.674090623855591","green soda bottle,white bottle,black box","True,True,True","['green soda bottle'],['white bottle'],['black box']","43.23465871810913,34.69015669822693,36.004700660705566","True,True,True",,"finished,finished,finished",True,"black box,green soda bottle,white bottle",,3,0,0,0,0,3,0,3,0,3,trial_2025-12-08_14-48-49__scene3__human/3__exp_3__black_box___human,human,433.6083507537842,MotionGenStatus.INVALID_START_STATE_WORLD_COLLISION
5.632335662841797,26.622748374938965,2.09808349609375e-05,2.1457672119140625e-06,32.25528907775879,black box.,5.0,"18,13,16,9,0","37.245996952056885,26.77552366256714,32.610459327697754,51.364452600479126,13.15579867362976","0.2094216793775558,0.8421131372451782,0.1815120279788971,0.3107401728630066,0.5284104347229004","90.53728675842284,73.18475699424744,75.58500957489014,96.16842913627625,50.96628785133362","30.763537883758545,30.2519166469574,29.36760687828064,29.83669686317444,24.984863996505737","10.918901205062866,4.593296051025391,4.058264493942261,3.7009143829345694,4.375258922576904","green soda bottle,white box,tomato soup can,white bottle,black box","True,True,True,True,True","['green soda bottle'],['white box'],['tomato soup can'],['white bottle'],['black box']","46.54908585548401,34.48673629760742,45.5821168422699,41.00727438926697,37.727717876434326","True,True,True,True,True",orange fruit,"finished,finished,finished,finished,finished",True,"black box,white box,tomato soup can,white bottle,green soda bottle",orange fruit,5,0,0,0,0,5,0,5,1,3,trial_2025-12-08_15-18-36__scene3__vlm_only/3__exp_2__black_box___vlm_only,vlm_only,834.847398519516,
5.699020147323608,26.439827919006348,1.9550323486328125e-05,2.6226043701171875e-06,32.13904619216919,black box.,5.0,"12,4,13,14,0","61.76378130912781,39.43756914138794,39.34674048423767,28.88522171974182,14.907778978347778","0.3208827674388885,0.3567566573619842,0.2090342491865158,0.3429156839847564,0.4812065362930298","104.9740777015686,78.22607016563416,80.62118101119995,70.77579689025879,52.49806189537048","27.237468004226685,24.139424800872803,27.939272165298465,29.27862787246704,26.07516074180603","4.813222169876099,4.591287136077881,4.348928451538086,3.7509920597076416,3.3695943355560303","green soda bottle,white box,orange,white bottle,black box","True,True,True,True,True","['green soda bottle'],['white box'],['orange'],['white bottle'],['black box']","38.545891761779785,42.12569761276245,39.18197751045227,40.8812141418457,34.15187406539917","True,True,True,True,True",,"finished,finished,finished,finished,finished",True,"black box,white box,white bottle,green soda bottle,orange",,5,0,0,0,0,5,0,5,0,3,trial_2025-12-08_15-18-36__scene3__vlm_only/3__black_box___vlm_only,vlm_only,818.3293600082397,
5.683475732803345,27.710489511489868,2.47955322265625e-05,3.337860107421875e-06,33.394160985946655,black box.,8.0,"5,5,2,5,5,5,5,-1,10,2,12,10,2,4,4,0","24.748552560806274,31.01898217201233,27.800918102264404,24.94808292388916,30.83805251121521,26.705515384674072,33.279261350631714,35.65009665489197,39.45763373374939,27.68557929992676,36.32894682884216,28.442657947540283,47.25770425796509,72.52327728271484,26.54407930374145,9.50731348991394","0.2240514457225799,0.5087158679962158,0.1934753060340881,0.2295936942100525","70.06913828849792,72.67916107177734,73.49947571754456,51.365280866622925","22.821847677230835,22.186442613601685,29.458449363708496,27.273249626159668","4.696805715560913,5.00712251663208,6.005436897277832,5.349167585372925","green soda bottle,white box,green soda bottle,black box","False,True,False,True","[],['white box'],[],['black box']","39.41329765319824,38.75156712532044,45.83433866500855,37.407522439956665","False,True,False,True",,"grasp_choice_failed,grasp_choice_failed,finished,grasp_choice_failed,finished,finished,grasp_choice_failed,finished",True,"black box,white box",,4,0,0,4,0,2,2,2,0,3,trial_2025-12-08_15-18-36__scene3__vlm_only/3__exp_3__black_box___vlm_only,vlm_only,1355.0588989257812,
